吐出パターン番号,注入開始日,平均,標準偏差,最小,最大,サンプル数,範囲_R,ターゲットカラム
1,2026-04-01,0.1679166666666667,0.004148511169990534,0.16,0.17,24,0.010000000000000009,A剤流圧(Mpa)
1,2026-04-02,0.17066805845511482,0.007401546442275575,0.15,0.19,479,0.04000000000000001,A剤流圧(Mpa)
1,2026-04-03,0.16806306306306307,0.0062553334776818525,0.15,0.18,444,0.03,A剤流圧(Mpa)
1,2026-04-06,0.17004555808656038,0.009861956889719081,0.13,0.2,439,0.07,A剤流圧(Mpa)
1,2026-04-07,0.17376569037656905,0.008690069674516883,0.15,0.19,478,0.04000000000000001,A剤流圧(Mpa)
1,2026-04-08,0.16988610478359908,0.008037342247850755,0.15,0.19,439,0.04000000000000001,A剤流圧(Mpa)
1,2026-04-09,0.17166666666666666,0.007701608608634924,0.15,0.19,468,0.04000000000000001,A剤流圧(Mpa)
1,2026-04-10,0.1724869109947644,0.007306099733793779,0.15,0.19,382,0.04000000000000001,A剤流圧(Mpa)
1,2026-04-14,0.19437500000000002,0.009482581654734635,0.17,0.2,32,0.03,A剤流圧(Mpa)
1,2026-04-15,0.1952479338842975,0.008878084765143252,0.16,0.22,484,0.06,A剤流圧(Mpa)
1,2026-04-16,0.1988185654008439,0.009049826441104105,0.16,0.22,474,0.06,A剤流圧(Mpa)
1,2026-04-17,0.197590618336887,0.008083088645606943,0.17,0.22,469,0.04999999999999999,A剤流圧(Mpa)
1,2026-04-20,0.19687378640776698,0.007698955929582373,0.17,0.22,515,0.04999999999999999,A剤流圧(Mpa)
1,2026-04-21,0.20866666666666667,0.007906021501579468,0.18,0.24,645,0.06,A剤流圧(Mpa)
2,2026-04-02,0.17733333333333334,0.010327955589886445,0.15,0.19,15,0.04000000000000001,A剤流圧(Mpa)
2,2026-04-03,0.16736842105263158,0.009334586382051245,0.15,0.18,19,0.03,A剤流圧(Mpa)
2,2026-04-06,0.1630769230769231,0.010315534712764834,0.15,0.19,13,0.04000000000000001,A剤流圧(Mpa)
2,2026-04-07,0.1711764705882353,0.014950900031928038,0.15,0.19,17,0.04000000000000001,A剤流圧(Mpa)
2,2026-04-08,0.17962962962962964,0.010554430889252696,0.16,0.19,27,0.03,A剤流圧(Mpa)
2,2026-04-09,0.1731578947368421,0.011572300058975781,0.15,0.19,19,0.04000000000000001,A剤流圧(Mpa)
2,2026-04-10,0.1685714285714286,0.0036313651960128185,0.16,0.17,14,0.010000000000000009,A剤流圧(Mpa)
2,2026-04-15,0.1941176470588235,0.010036697371030329,0.18,0.21,17,0.03,A剤流圧(Mpa)
2,2026-04-16,0.19615384615384618,0.007679476477883049,0.18,0.21,13,0.03,A剤流圧(Mpa)
2,2026-04-17,0.19421052631578947,0.010706067580626207,0.18,0.21,19,0.03,A剤流圧(Mpa)
2,2026-04-20,0.1975,0.006215815605080614,0.19,0.21,12,0.01999999999999999,A剤流圧(Mpa)
2,2026-04-21,0.2063333333333333,0.007183954022841374,0.19,0.21,30,0.01999999999999999,A剤流圧(Mpa)
3,2026-04-02,0.17,0.016329931618554533,0.15,0.19,4,0.04000000000000001,A剤流圧(Mpa)
3,2026-04-03,0.18,,0.18,0.18,1,0.0,A剤流圧(Mpa)
6,2026-04-02,0.15063492063492065,0.007377606892573061,0.13,0.17,63,0.04000000000000001,A剤流圧(Mpa)
6,2026-04-03,0.14871428571428572,0.0075988993427687996,0.12,0.16,70,0.04000000000000001,A剤流圧(Mpa)
6,2026-04-06,0.149,0.011940021045379388,0.12,0.17,40,0.05000000000000002,A剤流圧(Mpa)
6,2026-04-07,0.15381818181818183,0.008921656774162505,0.13,0.17,55,0.04000000000000001,A剤流圧(Mpa)
6,2026-04-08,0.15342105263157896,0.00780724396451652,0.13,0.17,38,0.04000000000000001,A剤流圧(Mpa)
6,2026-04-09,0.15031746031746032,0.004741122083143483,0.13,0.16,63,0.03,A剤流圧(Mpa)
6,2026-04-10,0.15193548387096775,0.00542792461180125,0.14,0.16,31,0.01999999999999999,A剤流圧(Mpa)
6,2026-04-15,0.17076923076923078,0.007966275068156921,0.14,0.19,65,0.04999999999999999,A剤流圧(Mpa)
6,2026-04-16,0.17339285714285715,0.009395702250455832,0.15,0.19,56,0.04000000000000001,A剤流圧(Mpa)
6,2026-04-17,0.17022222222222222,0.009412006087219578,0.14,0.18,45,0.03999999999999998,A剤流圧(Mpa)
6,2026-04-20,0.17084745762711864,0.007019218836884205,0.15,0.18,59,0.03,A剤流圧(Mpa)
6,2026-04-21,0.18128712871287128,0.008205286873307191,0.15,0.2,101,0.05000000000000002,A剤流圧(Mpa)
7,2026-04-02,0.16975,0.008109222753808543,0.15,0.18,80,0.03,A剤流圧(Mpa)
7,2026-04-03,0.16658227848101265,0.006382282356281354,0.15,0.17,79,0.020000000000000018,A剤流圧(Mpa)
7,2026-04-06,0.16559322033898308,0.008360660434372981,0.14,0.18,59,0.03999999999999998,A剤流圧(Mpa)
7,2026-04-07,0.17,0.008870655251454876,0.15,0.18,62,0.03,A剤流圧(Mpa)
7,2026-04-08,0.1677142857142857,0.006846437468066202,0.15,0.18,70,0.03,A剤流圧(Mpa)
7,2026-04-09,0.16916666666666666,0.006186827632817324,0.15,0.18,60,0.03,A剤流圧(Mpa)
7,2026-04-10,0.17035714285714287,0.00538154614967101,0.15,0.18,56,0.03,A剤流圧(Mpa)
7,2026-04-15,0.19196721311475412,0.006005461994758747,0.17,0.2,61,0.03,A剤流圧(Mpa)
7,2026-04-16,0.19742424242424245,0.008648807131730066,0.17,0.22,66,0.04999999999999999,A剤流圧(Mpa)
7,2026-04-17,0.19516666666666668,0.006241378234003059,0.17,0.2,60,0.03,A剤流圧(Mpa)
7,2026-04-20,0.19448979591836738,0.008180572639337849,0.17,0.2,49,0.03,A剤流圧(Mpa)
7,2026-04-21,0.20759493670886073,0.007199570833615746,0.18,0.21,79,0.03,A剤流圧(Mpa)
8,2026-04-02,0.17316666666666666,0.009295828600965653,0.15,0.18,60,0.03,A剤流圧(Mpa)
8,2026-04-03,0.1693421052631579,0.006394899283186979,0.15,0.18,76,0.03,A剤流圧(Mpa)
8,2026-04-06,0.16947368421052633,0.011426771574798392,0.15,0.2,95,0.05000000000000002,A剤流圧(Mpa)
8,2026-04-07,0.17433333333333334,0.009806028354557982,0.15,0.19,60,0.04000000000000001,A剤流圧(Mpa)
8,2026-04-08,0.1737704918032787,0.01051410709891389,0.15,0.19,61,0.04000000000000001,A剤流圧(Mpa)
8,2026-04-09,0.17166666666666666,0.006916321120039019,0.15,0.18,78,0.03,A剤流圧(Mpa)
8,2026-04-10,0.17714285714285716,0.006357524554958376,0.16,0.19,42,0.03,A剤流圧(Mpa)
8,2026-04-15,0.19749999999999998,0.01144256105029947,0.17,0.22,60,0.04999999999999999,A剤流圧(Mpa)
8,2026-04-16,0.20122222222222222,0.009340954619763938,0.17,0.22,90,0.04999999999999999,A剤流圧(Mpa)
8,2026-04-17,0.19596153846153846,0.008420874521523533,0.17,0.21,104,0.03999999999999998,A剤流圧(Mpa)
8,2026-04-20,0.1988793103448276,0.007996907198263032,0.17,0.22,116,0.04999999999999999,A剤流圧(Mpa)
8,2026-04-21,0.2101578947368421,0.007380534658187909,0.18,0.22,190,0.04000000000000001,A剤流圧(Mpa)
9,2026-04-02,0.16825,0.010833826418758737,0.15,0.18,40,0.03,A剤流圧(Mpa)
9,2026-04-03,0.168,0.005345224838248487,0.15,0.17,50,0.020000000000000018,A剤流圧(Mpa)
9,2026-04-06,0.16699999999999998,0.0070710678118654805,0.14,0.17,50,0.03,A剤流圧(Mpa)
9,2026-04-07,0.1714754098360656,0.006281206246619214,0.15,0.18,61,0.03,A剤流圧(Mpa)
9,2026-04-08,0.1698,0.006848208465261076,0.15,0.18,50,0.03,A剤流圧(Mpa)
9,2026-04-09,0.1708,0.0056568542494923775,0.15,0.18,50,0.03,A剤流圧(Mpa)
9,2026-04-10,0.17099999999999999,0.005453768398418637,0.16,0.18,40,0.01999999999999999,A剤流圧(Mpa)
9,2026-04-15,0.1903225806451613,0.008360171835451688,0.17,0.2,31,0.03,A剤流圧(Mpa)
9,2026-04-16,0.199,0.008711913446392583,0.17,0.21,40,0.03999999999999998,A剤流圧(Mpa)
9,2026-04-17,0.19433333333333333,0.005683207771559361,0.18,0.2,30,0.020000000000000018,A剤流圧(Mpa)
9,2026-04-20,0.19489795918367347,0.008446510369079414,0.17,0.2,49,0.03,A剤流圧(Mpa)
9,2026-04-21,0.20716666666666667,0.008455600223594,0.18,0.23,60,0.05000000000000002,A剤流圧(Mpa)
10,2026-04-02,0.15,0.004264014327112207,0.14,0.16,12,0.01999999999999999,A剤流圧(Mpa)
10,2026-04-03,0.14727272727272725,0.00646669790682863,0.13,0.15,11,0.01999999999999999,A剤流圧(Mpa)
10,2026-04-06,0.14444444444444446,0.01130388330520877,0.12,0.15,9,0.03,A剤流圧(Mpa)
10,2026-04-07,0.1527272727272727,0.0046709936649691405,0.15,0.16,11,0.010000000000000009,A剤流圧(Mpa)
10,2026-04-08,0.15153846153846154,0.005547001962252293,0.14,0.16,13,0.01999999999999999,A剤流圧(Mpa)
10,2026-04-09,0.14909090909090908,0.008312094145936321,0.13,0.16,11,0.03,A剤流圧(Mpa)
10,2026-04-10,0.15222222222222223,0.008333333333333326,0.14,0.16,9,0.01999999999999999,A剤流圧(Mpa)
10,2026-04-15,0.17222222222222222,0.012018504251546634,0.15,0.19,9,0.04000000000000001,A剤流圧(Mpa)
10,2026-04-16,0.18000000000000002,0.010000000000000005,0.17,0.19,3,0.01999999999999999,A剤流圧(Mpa)
10,2026-04-17,0.17,0.006666666666666667,0.16,0.18,10,0.01999999999999999,A剤流圧(Mpa)
10,2026-04-20,0.17181818181818184,0.006030226891555266,0.16,0.18,11,0.01999999999999999,A剤流圧(Mpa)
10,2026-04-21,0.18125,0.006123724356957945,0.17,0.19,24,0.01999999999999999,A剤流圧(Mpa)
13,2026-04-02,0.25,0.0,0.25,0.25,2,0.0,A剤流圧(Mpa)
13,2026-04-03,0.23666666666666666,0.0057735026918962545,0.23,0.24,3,0.009999999999999981,A剤流圧(Mpa)
13,2026-04-06,0.22,,0.22,0.22,1,0.0,A剤流圧(Mpa)
13,2026-04-08,0.24166666666666667,0.007527726527090808,0.23,0.25,6,0.01999999999999999,A剤流圧(Mpa)
13,2026-04-09,0.24333333333333332,0.005773502691896267,0.24,0.25,3,0.010000000000000009,A剤流圧(Mpa)
13,2026-04-10,0.245,0.007071067811865481,0.24,0.25,2,0.010000000000000009,A剤流圧(Mpa)
13,2026-04-15,0.284,0.011401754250991367,0.27,0.3,5,0.02999999999999997,A剤流圧(Mpa)
13,2026-04-16,0.29,0.0,0.29,0.29,5,0.0,A剤流圧(Mpa)
13,2026-04-17,0.29,0.008164965809277256,0.28,0.3,4,0.019999999999999962,A剤流圧(Mpa)
13,2026-04-20,0.2875,0.004999999999999961,0.28,0.29,4,0.009999999999999953,A剤流圧(Mpa)
13,2026-04-21,0.32,,0.32,0.32,1,0.0,A剤流圧(Mpa)
14,2026-04-03,0.127,0.0048304589153964845,0.12,0.13,10,0.010000000000000009,A剤流圧(Mpa)
14,2026-04-07,0.12,0.0,0.12,0.12,5,0.0,A剤流圧(Mpa)
14,2026-04-08,0.12,0.0,0.12,0.12,5,0.0,A剤流圧(Mpa)
14,2026-04-09,0.128,0.004472135954999583,0.12,0.13,5,0.010000000000000009,A剤流圧(Mpa)
14,2026-04-15,0.13,0.007071067811865481,0.12,0.14,5,0.020000000000000018,A剤流圧(Mpa)
14,2026-04-16,0.135,0.008498365855987981,0.12,0.14,10,0.020000000000000018,A剤流圧(Mpa)
14,2026-04-17,0.132,0.008366600265340763,0.12,0.14,5,0.020000000000000018,A剤流圧(Mpa)
14,2026-04-20,0.138,0.005231483637805969,0.12,0.14,20,0.020000000000000018,A剤流圧(Mpa)
1,2026-04-01,0.1691666666666667,0.0028232985128664027,0.16,0.17,24,0.010000000000000009,B剤流圧(Mpa)
1,2026-04-02,0.18008350730688935,0.008383668586611376,0.16,0.19,479,0.03,B剤流圧(Mpa)
1,2026-04-03,0.17524774774774776,0.009197205845656416,0.15,0.19,444,0.04000000000000001,B剤流圧(Mpa)
1,2026-04-06,0.17471526195899773,0.0071735510755803755,0.16,0.19,439,0.03,B剤流圧(Mpa)
1,2026-04-07,0.17834728033472802,0.013962689986728288,0.15,0.21,478,0.06,B剤流圧(Mpa)
1,2026-04-08,0.17863325740318908,0.01076735664150976,0.15,0.2,439,0.05000000000000002,B剤流圧(Mpa)
1,2026-04-09,0.17061965811965812,0.00978574534076492,0.15,0.19,468,0.04000000000000001,B剤流圧(Mpa)
1,2026-04-10,0.17049738219895286,0.008003525696549331,0.15,0.19,382,0.04000000000000001,B剤流圧(Mpa)
1,2026-04-14,0.1896875,0.005948366541843994,0.18,0.2,32,0.020000000000000018,B剤流圧(Mpa)
1,2026-04-15,0.17247933884297523,0.010536812466456385,0.15,0.19,484,0.04000000000000001,B剤流圧(Mpa)
1,2026-04-16,0.17443037974683545,0.00941145477805739,0.16,0.22,474,0.06,B剤流圧(Mpa)
1,2026-04-17,0.17428571428571427,0.013081411281789183,0.15,0.2,469,0.05000000000000002,B剤流圧(Mpa)
1,2026-04-20,0.16679611650485437,0.007408795938792285,0.15,0.18,515,0.03,B剤流圧(Mpa)
1,2026-04-21,0.16874418604651165,0.007505980089781112,0.15,0.18,645,0.03,B剤流圧(Mpa)
2,2026-04-02,0.17733333333333334,0.00593616839704663,0.16,0.18,15,0.01999999999999999,B剤流圧(Mpa)
2,2026-04-03,0.16631578947368422,0.0101162829777814,0.15,0.18,19,0.03,B剤流圧(Mpa)
2,2026-04-06,0.1769230769230769,0.006304251719561142,0.17,0.19,13,0.01999999999999999,B剤流圧(Mpa)
2,2026-04-07,0.1723529411764706,0.009701425001453321,0.16,0.19,17,0.03,B剤流圧(Mpa)
2,2026-04-08,0.18222222222222223,0.010500305245868324,0.17,0.2,27,0.03,B剤流圧(Mpa)
2,2026-04-09,0.16578947368421051,0.009612370197756301,0.15,0.18,19,0.03,B剤流圧(Mpa)
2,2026-04-10,0.16357142857142856,0.006333236937766518,0.15,0.17,14,0.020000000000000018,B剤流圧(Mpa)
2,2026-04-15,0.16764705882352943,0.009701425001453327,0.16,0.18,17,0.01999999999999999,B剤流圧(Mpa)
2,2026-04-16,0.16692307692307692,0.007510676161988092,0.16,0.18,13,0.01999999999999999,B剤流圧(Mpa)
2,2026-04-17,0.16421052631578947,0.010173926082384535,0.15,0.18,19,0.03,B剤流圧(Mpa)
2,2026-04-20,0.16333333333333333,0.0049236596391733145,0.16,0.17,12,0.010000000000000009,B剤流圧(Mpa)
2,2026-04-21,0.164,0.008944271909999166,0.15,0.18,30,0.03,B剤流圧(Mpa)
3,2026-04-02,0.1825,0.005000000000000002,0.18,0.19,4,0.010000000000000009,B剤流圧(Mpa)
3,2026-04-03,0.19,,0.19,0.19,1,0.0,B剤流圧(Mpa)
6,2026-04-02,0.1596825396825397,0.00782227051607304,0.14,0.17,63,0.03,B剤流圧(Mpa)
6,2026-04-03,0.15285714285714286,0.007251757836443984,0.14,0.17,70,0.03,B剤流圧(Mpa)
6,2026-04-06,0.15675,0.006558416006386033,0.14,0.17,40,0.03,B剤流圧(Mpa)
6,2026-04-07,0.154,0.006831300510639731,0.14,0.17,55,0.03,B剤流圧(Mpa)
6,2026-04-08,0.15842105263157896,0.00973328526784576,0.15,0.17,38,0.020000000000000018,B剤流圧(Mpa)
6,2026-04-09,0.14904761904761907,0.005597892954492239,0.14,0.16,63,0.01999999999999999,B剤流圧(Mpa)
6,2026-04-10,0.14774193548387096,0.005603378397214084,0.14,0.16,31,0.01999999999999999,B剤流圧(Mpa)
6,2026-04-15,0.15061538461538462,0.007680519814139179,0.13,0.16,65,0.03,B剤流圧(Mpa)
6,2026-04-16,0.1525,0.005477225575051669,0.14,0.16,56,0.01999999999999999,B剤流圧(Mpa)
6,2026-04-17,0.148,0.00842075358320684,0.13,0.16,45,0.03,B剤流圧(Mpa)
6,2026-04-20,0.15,0.004548588261473415,0.14,0.16,59,0.01999999999999999,B剤流圧(Mpa)
6,2026-04-21,0.14782178217821781,0.006573273217513429,0.13,0.16,101,0.03,B剤流圧(Mpa)
7,2026-04-02,0.17862499999999998,0.008228347112423711,0.16,0.19,80,0.03,B剤流圧(Mpa)
7,2026-04-03,0.17518987341772152,0.008750202853864086,0.16,0.19,79,0.03,B剤流圧(Mpa)
7,2026-04-06,0.17203389830508475,0.007138931876289842,0.16,0.18,59,0.01999999999999999,B剤流圧(Mpa)
7,2026-04-07,0.16967741935483874,0.0051111392126185345,0.16,0.18,62,0.01999999999999999,B剤流圧(Mpa)
7,2026-04-08,0.1747142857142857,0.013696654470537695,0.16,0.2,70,0.04000000000000001,B剤流圧(Mpa)
7,2026-04-09,0.16666666666666666,0.007051064751106302,0.15,0.18,60,0.03,B剤流圧(Mpa)
7,2026-04-10,0.17071428571428574,0.007829348714848593,0.15,0.19,56,0.04000000000000001,B剤流圧(Mpa)
7,2026-04-15,0.16278688524590162,0.005206133415175988,0.15,0.17,61,0.020000000000000018,B剤流圧(Mpa)
7,2026-04-16,0.17136363636363638,0.006767879712597992,0.16,0.18,66,0.01999999999999999,B剤流圧(Mpa)
7,2026-04-17,0.16266666666666665,0.006856066636017626,0.15,0.18,60,0.03,B剤流圧(Mpa)
7,2026-04-20,0.16387755102040819,0.005706840387717578,0.15,0.17,49,0.020000000000000018,B剤流圧(Mpa)
7,2026-04-21,0.1630379746835443,0.005851677467089084,0.15,0.18,79,0.03,B剤流圧(Mpa)
8,2026-04-02,0.1755,0.007231053560389395,0.16,0.19,60,0.03,B剤流圧(Mpa)
8,2026-04-03,0.17578947368421055,0.010616108250482618,0.15,0.19,76,0.04000000000000001,B剤流圧(Mpa)
8,2026-04-06,0.17926315789473685,0.006398488063291246,0.16,0.19,95,0.03,B剤流圧(Mpa)
8,2026-04-07,0.17783333333333334,0.012499717510932287,0.16,0.21,60,0.04999999999999999,B剤流圧(Mpa)
8,2026-04-08,0.17393442622950822,0.00917944960670122,0.15,0.19,61,0.04000000000000001,B剤流圧(Mpa)
8,2026-04-09,0.16897435897435897,0.007991837327515114,0.15,0.19,78,0.04000000000000001,B剤流圧(Mpa)
8,2026-04-10,0.17047619047619048,0.007309326135027745,0.16,0.18,42,0.01999999999999999,B剤流圧(Mpa)
8,2026-04-15,0.1685,0.010865120683067764,0.16,0.19,60,0.03,B剤流圧(Mpa)
8,2026-04-16,0.17222222222222222,0.005564287769070592,0.16,0.18,90,0.01999999999999999,B剤流圧(Mpa)
8,2026-04-17,0.16865384615384615,0.011410920702426788,0.15,0.19,104,0.04000000000000001,B剤流圧(Mpa)
8,2026-04-20,0.1681896551724138,0.0058382751966110855,0.15,0.18,116,0.03,B剤流圧(Mpa)
8,2026-04-21,0.16931578947368423,0.00783799342356352,0.15,0.18,190,0.03,B剤流圧(Mpa)
9,2026-04-02,0.17625,0.00837808496568921,0.16,0.19,40,0.03,B剤流圧(Mpa)
9,2026-04-03,0.169,0.006468132241526716,0.16,0.18,50,0.01999999999999999,B剤流圧(Mpa)
9,2026-04-06,0.1726,0.006642473107178663,0.16,0.18,50,0.01999999999999999,B剤流圧(Mpa)
9,2026-04-07,0.1759016393442623,0.011885151686078435,0.16,0.2,61,0.04000000000000001,B剤流圧(Mpa)
9,2026-04-08,0.17400000000000002,0.00968904283303609,0.16,0.19,50,0.03,B剤流圧(Mpa)
9,2026-04-09,0.16879999999999998,0.006590035768383305,0.15,0.18,50,0.03,B剤流圧(Mpa)
9,2026-04-10,0.1665,0.005334935656738367,0.16,0.18,40,0.01999999999999999,B剤流圧(Mpa)
9,2026-04-15,0.16225806451612904,0.0049730456257407385,0.15,0.17,31,0.020000000000000018,B剤流圧(Mpa)
9,2026-04-16,0.1665,0.004830458915396484,0.16,0.17,40,0.010000000000000009,B剤流圧(Mpa)
9,2026-04-17,0.16699999999999998,0.008769067893689616,0.16,0.18,30,0.01999999999999999,B剤流圧(Mpa)
9,2026-04-20,0.16489795918367348,0.0071070531221901455,0.15,0.18,49,0.03,B剤流圧(Mpa)
9,2026-04-21,0.16316666666666668,0.006762726024084971,0.15,0.18,60,0.03,B剤流圧(Mpa)
10,2026-04-02,0.15833333333333335,0.009374368665610925,0.14,0.17,12,0.03,B剤流圧(Mpa)
10,2026-04-03,0.1509090909090909,0.00831209414593633,0.14,0.16,11,0.01999999999999999,B剤流圧(Mpa)
10,2026-04-06,0.15222222222222223,0.006666666666666666,0.14,0.16,9,0.01999999999999999,B剤流圧(Mpa)
10,2026-04-07,0.15,0.0,0.15,0.15,11,0.0,B剤流圧(Mpa)
10,2026-04-08,0.1553846153846154,0.007762500258061856,0.15,0.17,13,0.020000000000000018,B剤流圧(Mpa)
10,2026-04-09,0.14818181818181816,0.004045199174779447,0.14,0.15,11,0.009999999999999981,B剤流圧(Mpa)
10,2026-04-10,0.14444444444444446,0.005270462766947284,0.14,0.15,9,0.009999999999999981,B剤流圧(Mpa)
10,2026-04-15,0.1522222222222222,0.004409585518440989,0.15,0.16,9,0.010000000000000009,B剤流圧(Mpa)
10,2026-04-16,0.15333333333333332,0.005773502691896267,0.15,0.16,3,0.010000000000000009,B剤流圧(Mpa)
10,2026-04-17,0.14500000000000002,0.007071067811865463,0.14,0.16,10,0.01999999999999999,B剤流圧(Mpa)
10,2026-04-20,0.15,0.004472135954999576,0.14,0.16,11,0.01999999999999999,B剤流圧(Mpa)
10,2026-04-21,0.15125,0.006123724356957943,0.14,0.16,24,0.01999999999999999,B剤流圧(Mpa)
13,2026-04-02,0.245,0.007071067811865481,0.24,0.25,2,0.010000000000000009,B剤流圧(Mpa)
13,2026-04-03,0.24,0.017320508075688773,0.23,0.26,3,0.03,B剤流圧(Mpa)
13,2026-04-06,0.24,,0.24,0.24,1,0.0,B剤流圧(Mpa)
13,2026-04-08,0.24000000000000002,0.020000000000000007,0.23,0.28,6,0.05000000000000002,B剤流圧(Mpa)
13,2026-04-09,0.22999999999999998,0.009999999999999992,0.22,0.24,3,0.01999999999999999,B剤流圧(Mpa)
13,2026-04-10,0.23,0.0,0.23,0.23,2,0.0,B剤流圧(Mpa)
13,2026-04-15,0.22999999999999998,0.014142135623730947,0.22,0.25,5,0.03,B剤流圧(Mpa)
13,2026-04-16,0.238,0.010954451150103312,0.23,0.25,5,0.01999999999999999,B剤流圧(Mpa)
13,2026-04-17,0.2275,0.014999999999999998,0.22,0.25,4,0.03,B剤流圧(Mpa)
13,2026-04-20,0.225,0.005773502691896267,0.22,0.23,4,0.010000000000000009,B剤流圧(Mpa)
13,2026-04-21,0.25,,0.25,0.25,1,0.0,B剤流圧(Mpa)
14,2026-04-03,0.13,0.0,0.13,0.13,10,0.0,B剤流圧(Mpa)
14,2026-04-07,0.12,0.0,0.12,0.12,5,0.0,B剤流圧(Mpa)
14,2026-04-08,0.13,0.0,0.13,0.13,5,0.0,B剤流圧(Mpa)
14,2026-04-09,0.128,0.004472135954999583,0.12,0.13,5,0.010000000000000009,B剤流圧(Mpa)
14,2026-04-15,0.118,0.004472135954999579,0.11,0.12,5,0.009999999999999995,B剤流圧(Mpa)
14,2026-04-16,0.128,0.004216370213557843,0.12,0.13,10,0.010000000000000009,B剤流圧(Mpa)
14,2026-04-17,0.118,0.004472135954999579,0.11,0.12,5,0.009999999999999995,B剤流圧(Mpa)
14,2026-04-20,0.11950000000000001,0.002236067977499788,0.11,0.12,20,0.009999999999999995,B剤流圧(Mpa)
1,2026-04-01,0.04700000000000001,0.0,0.047,0.047,24,0.0,A剤タンク1圧力(Mpa)
1,2026-04-02,-0.00195615866388309,0.028543224189603273,-0.033,0.048,479,0.081,A剤タンク1圧力(Mpa)
1,2026-04-03,0.03740765765765766,0.01662826973321219,0.004,0.048,444,0.044,A剤タンク1圧力(Mpa)
1,2026-04-06,0.02881548974943052,0.020695225590932762,-0.035,0.044,439,0.079,A剤タンク1圧力(Mpa)
1,2026-04-07,0.008575313807531381,0.030016165759876437,-0.033,0.048,478,0.081,A剤タンク1圧力(Mpa)
1,2026-04-08,0.02306378132118451,0.022151626414154194,-0.008,0.049,439,0.057,A剤タンク1圧力(Mpa)
1,2026-04-09,0.03133974358974359,0.027648566213071702,-0.034,0.049,468,0.083,A剤タンク1圧力(Mpa)
1,2026-04-10,0.04640314136125654,0.0011105745957478215,0.044,0.049,382,0.0050000000000000044,A剤タンク1圧力(Mpa)
1,2026-04-14,0.048,0.0,0.048,0.048,32,0.0,A剤タンク1圧力(Mpa)
1,2026-04-15,0.022012396694214877,0.036912910925606064,-0.035,0.053,484,0.088,A剤タンク1圧力(Mpa)
1,2026-04-16,0.041949367088607595,0.014717838395648884,0.004,0.054,474,0.05,A剤タンク1圧力(Mpa)
1,2026-04-17,0.016108742004264393,0.0350733497018962,-0.036,0.051,469,0.087,A剤タンク1圧力(Mpa)
1,2026-04-20,0.014460194174757282,0.023371468770520307,-0.033,0.044,515,0.077,A剤タンク1圧力(Mpa)
1,2026-04-21,0.011736434108527132,0.023908638015092416,-0.035,0.048,645,0.083,A剤タンク1圧力(Mpa)
2,2026-04-02,0.0326,0.02471783624372143,-0.02,0.047,15,0.067,A剤タンク1圧力(Mpa)
2,2026-04-03,0.047,0.0,0.047,0.047,19,0.0,A剤タンク1圧力(Mpa)
2,2026-04-06,0.012923076923076923,0.017148671175252123,0.003,0.043,13,0.039999999999999994,A剤タンク1圧力(Mpa)
2,2026-04-07,-0.015941176470588236,0.018126191644397115,-0.031,0.047,17,0.078,A剤タンク1圧力(Mpa)
2,2026-04-08,0.006888888888888889,0.014931467374264257,-0.001,0.048,27,0.049,A剤タンク1圧力(Mpa)
2,2026-04-09,0.04663157894736842,0.0015709348354753464,0.043,0.048,19,0.0050000000000000044,A剤タンク1圧力(Mpa)
2,2026-04-10,0.047142857142857146,0.0003631365196012815,0.047,0.048,14,0.0010000000000000009,A剤タンク1圧力(Mpa)
2,2026-04-15,0.03952941176470588,0.023801569399565924,-0.033,0.048,17,0.081,A剤タンク1圧力(Mpa)
2,2026-04-16,0.04776923076923077,0.0005991446895152779,0.047,0.049,13,0.0020000000000000018,A剤タンク1圧力(Mpa)
2,2026-04-17,-0.006105263157894735,0.029175512443070983,-0.026,0.049,19,0.075,A剤タンク1圧力(Mpa)
2,2026-04-20,-0.012583333333333334,0.01622824884594948,-0.033,0.004,12,0.037000000000000005,A剤タンク1圧力(Mpa)
2,2026-04-21,0.0056,0.011330763738449042,0.001,0.047,30,0.046,A剤タンク1圧力(Mpa)
3,2026-04-02,0.005,0.028142494558940575,-0.011,0.047,4,0.057999999999999996,A剤タンク1圧力(Mpa)
3,2026-04-03,0.048,,0.048,0.048,1,0.0,A剤タンク1圧力(Mpa)
6,2026-04-02,-0.0004603174603174604,0.02797857786329449,-0.033,0.047,63,0.08,A剤タンク1圧力(Mpa)
6,2026-04-03,0.04604285714285714,0.0021765263795197457,0.041,0.048,70,0.006999999999999999,A剤タンク1圧力(Mpa)
6,2026-04-06,0.02965,0.01950088755376574,0.003,0.045,40,0.041999999999999996,A剤タンク1圧力(Mpa)
6,2026-04-07,0.0029636363636363636,0.030592884452509204,-0.029,0.048,55,0.077,A剤タンク1圧力(Mpa)
6,2026-04-08,0.01336842105263158,0.0193060990959958,0.0,0.048,38,0.048,A剤タンク1圧力(Mpa)
6,2026-04-09,0.03474603174603175,0.025237560496320324,-0.022,0.049,63,0.07100000000000001,A剤タンク1圧力(Mpa)
6,2026-04-10,0.04667741935483871,0.0009793568220757129,0.045,0.048,31,0.0030000000000000027,A剤タンク1圧力(Mpa)
6,2026-04-15,0.0474,0.0007866066361276185,0.046,0.049,65,0.0030000000000000027,A剤タンク1圧力(Mpa)
6,2026-04-16,0.04780357142857143,0.0009423306282759853,0.047,0.05,56,0.0030000000000000027,A剤タンク1圧力(Mpa)
6,2026-04-17,0.007622222222222223,0.03504301829627595,-0.026,0.049,45,0.075,A剤タンク1圧力(Mpa)
6,2026-04-20,0.018745762711864403,0.02269786046452092,-0.017,0.044,59,0.061,A剤タンク1圧力(Mpa)
6,2026-04-21,0.011673267326732673,0.019124387002406682,-0.021,0.048,101,0.069,A剤タンク1圧力(Mpa)
7,2026-04-02,0.0029375,0.02633491389531049,-0.025,0.047,80,0.07200000000000001,A剤タンク1圧力(Mpa)
7,2026-04-03,0.03612658227848101,0.01764127378432544,0.004,0.047,79,0.043,A剤タンク1圧力(Mpa)
7,2026-04-06,0.03013559322033898,0.018954080287785405,0.003,0.044,59,0.040999999999999995,A剤タンク1圧力(Mpa)
7,2026-04-07,0.006193548387096774,0.029473988926986317,-0.031,0.048,62,0.079,A剤タンク1圧力(Mpa)
7,2026-04-08,0.02187142857142857,0.021705486802877663,0.003,0.049,70,0.046,A剤タンク1圧力(Mpa)
7,2026-04-09,0.027466666666666664,0.02945405308167032,-0.032,0.048,60,0.08,A剤タンク1圧力(Mpa)
7,2026-04-10,0.04633928571428571,0.0009395702250455788,0.044,0.047,56,0.0030000000000000027,A剤タンク1圧力(Mpa)
7,2026-04-15,0.04718032786885246,0.000718985320232884,0.046,0.048,61,0.0020000000000000018,A剤タンク1圧力(Mpa)
7,2026-04-16,0.04762121212121213,0.0007182275515815418,0.047,0.05,66,0.0030000000000000027,A剤タンク1圧力(Mpa)
7,2026-04-17,0.02415,0.03299451675041204,-0.023,0.05,60,0.07300000000000001,A剤タンク1圧力(Mpa)
7,2026-04-20,0.011040816326530613,0.02561409050997247,-0.023,0.043,49,0.066,A剤タンク1圧力(Mpa)
7,2026-04-21,0.0011645569620253164,0.020943409941876906,-0.035,0.047,79,0.082,A剤タンク1圧力(Mpa)
8,2026-04-02,0.010433333333333333,0.034042529067487545,-0.033,0.048,60,0.081,A剤タンク1圧力(Mpa)
8,2026-04-03,0.043657894736842104,0.01074498659106214,0.004,0.049,76,0.045,A剤タンク1圧力(Mpa)
8,2026-04-06,0.023452631578947367,0.02248250782040866,-0.036,0.044,95,0.07999999999999999,A剤タンク1圧力(Mpa)
8,2026-04-07,0.0041,0.030407235980930595,-0.029,0.049,60,0.078,A剤タンク1圧力(Mpa)
8,2026-04-08,0.010426229508196721,0.016861651773964738,-0.002,0.048,61,0.05,A剤タンク1圧力(Mpa)
8,2026-04-09,0.025153846153846155,0.030730532607906983,-0.025,0.049,78,0.07400000000000001,A剤タンク1圧力(Mpa)
8,2026-04-10,0.04719047619047619,0.0003974366179316393,0.047,0.048,42,0.0010000000000000009,A剤タンク1圧力(Mpa)
8,2026-04-15,0.04655,0.010340679910767432,-0.032,0.049,60,0.081,A剤タンク1圧力(Mpa)
8,2026-04-16,0.04778888888888889,0.0008141231506163774,0.047,0.049,90,0.0020000000000000018,A剤タンク1圧力(Mpa)
8,2026-04-17,0.02243269230769231,0.033534727521819206,-0.027,0.049,104,0.076,A剤タンク1圧力(Mpa)
8,2026-04-20,0.014275862068965518,0.021295676722669826,-0.019,0.044,116,0.063,A剤タンク1圧力(Mpa)
8,2026-04-21,0.014152631578947368,0.020688745718079608,-0.01,0.047,190,0.057,A剤タンク1圧力(Mpa)
9,2026-04-02,0.0154,0.032394839728352436,-0.024,0.047,40,0.07100000000000001,A剤タンク1圧力(Mpa)
9,2026-04-03,0.04604,0.0014563022785571038,0.042,0.047,50,0.0049999999999999975,A剤タンク1圧力(Mpa)
9,2026-04-06,0.03558,0.016160028793670043,0.003,0.044,50,0.040999999999999995,A剤タンク1圧力(Mpa)
9,2026-04-07,0.007377049180327869,0.029507153897784535,-0.023,0.047,61,0.07,A剤タンク1圧力(Mpa)
9,2026-04-08,0.019299999999999998,0.02104635311857702,0.003,0.048,50,0.045,A剤タンク1圧力(Mpa)
9,2026-04-09,0.03634,0.020227895468932028,-0.032,0.048,50,0.08,A剤タンク1圧力(Mpa)
9,2026-04-10,0.046575,0.0005006406152531267,0.046,0.047,40,0.0010000000000000009,A剤タンク1圧力(Mpa)
9,2026-04-15,0.047870967741935486,0.00034077710054824,0.047,0.048,31,0.0010000000000000009,A剤タンク1圧力(Mpa)
9,2026-04-16,0.04755,0.0005970010522689664,0.047,0.049,40,0.0020000000000000018,A剤タンク1圧力(Mpa)
9,2026-04-17,0.0033000000000000013,0.0335056865991843,-0.023,0.051,30,0.074,A剤タンク1圧力(Mpa)
9,2026-04-20,0.012551020408163265,0.025537603992682532,-0.022,0.043,49,0.065,A剤タンク1圧力(Mpa)
9,2026-04-21,0.004966666666666666,0.0204051893255718,-0.02,0.047,60,0.067,A剤タンク1圧力(Mpa)
10,2026-04-02,-0.010333333333333333,0.008348471099367219,-0.021,0.004,12,0.025,A剤タンク1圧力(Mpa)
10,2026-04-03,0.04627272727272727,0.002148995537031619,0.042,0.048,11,0.005999999999999998,A剤タンク1圧力(Mpa)
10,2026-04-06,0.03933333333333333,0.01325707358356285,0.004,0.044,9,0.039999999999999994,A剤タンク1圧力(Mpa)
10,2026-04-07,0.006727272727272727,0.026758516061586485,-0.014,0.048,11,0.062,A剤タンク1圧力(Mpa)
10,2026-04-08,0.024153846153846154,0.022659972616363835,0.004,0.048,13,0.044,A剤タンク1圧力(Mpa)
10,2026-04-09,0.013181818181818182,0.0379968898248743,-0.035,0.047,11,0.082,A剤タンク1圧力(Mpa)
10,2026-04-10,0.04688888888888889,0.0006009252125773318,0.046,0.048,9,0.0020000000000000018,A剤タンク1圧力(Mpa)
10,2026-04-15,0.04811111111111111,0.0009279607271383372,0.046,0.049,9,0.0030000000000000027,A剤タンク1圧力(Mpa)
10,2026-04-16,0.04800000000000001,0.0010000000000000009,0.047,0.049,3,0.0020000000000000018,A剤タンク1圧力(Mpa)
10,2026-04-17,0.014499999999999999,0.03543773882929516,-0.027,0.048,10,0.075,A剤タンク1圧力(Mpa)
10,2026-04-20,0.021272727272727273,0.02587311697144706,-0.018,0.044,11,0.062,A剤タンク1圧力(Mpa)
10,2026-04-21,0.013125,0.019922267419408734,-0.001,0.047,24,0.048,A剤タンク1圧力(Mpa)
13,2026-04-02,0.047,0.0,0.047,0.047,2,0.0,A剤タンク1圧力(Mpa)
13,2026-04-03,0.03233333333333333,0.024542480178933287,0.004,0.047,3,0.043,A剤タンク1圧力(Mpa)
13,2026-04-06,0.043,,0.043,0.043,1,0.0,A剤タンク1圧力(Mpa)
13,2026-04-08,0.018333333333333333,0.02259793500890439,0.003,0.048,6,0.045,A剤タンク1圧力(Mpa)
13,2026-04-09,0.04566666666666667,0.0023094010767585045,0.043,0.047,3,0.0040000000000000036,A剤タンク1圧力(Mpa)
13,2026-04-10,0.0465,0.0007071067811865482,0.046,0.047,2,0.0010000000000000009,A剤タンク1圧力(Mpa)
13,2026-04-15,0.0316,0.035556996498579574,-0.032,0.048,5,0.08,A剤タンク1圧力(Mpa)
13,2026-04-16,0.047,0.0,0.047,0.047,5,0.0,A剤タンク1圧力(Mpa)
13,2026-04-17,0.01425,0.039075781075580136,-0.023,0.048,4,0.07100000000000001,A剤タンク1圧力(Mpa)
13,2026-04-20,0.023,0.021939310229205783,0.004,0.042,4,0.038000000000000006,A剤タンク1圧力(Mpa)
13,2026-04-21,0.046,,0.046,0.046,1,0.0,A剤タンク1圧力(Mpa)
14,2026-04-03,0.0472,0.0006324555320336765,0.047,0.049,10,0.0020000000000000018,A剤タンク1圧力(Mpa)
14,2026-04-07,-0.0144,0.0005477225575051655,-0.015,-0.014,5,0.0009999999999999992,A剤タンク1圧力(Mpa)
14,2026-04-08,0.004,0.0,0.004,0.004,5,0.0,A剤タンク1圧力(Mpa)
14,2026-04-09,0.048,0.0,0.048,0.048,5,0.0,A剤タンク1圧力(Mpa)
14,2026-04-15,0.0474,0.0005477225575051667,0.047,0.048,5,0.0010000000000000009,A剤タンク1圧力(Mpa)
14,2026-04-16,0.0474,0.0005163977794943226,0.047,0.048,10,0.0010000000000000009,A剤タンク1圧力(Mpa)
14,2026-04-17,-0.018,0.0,-0.018,-0.018,5,0.0,A剤タンク1圧力(Mpa)
14,2026-04-20,-0.02405,0.001050062654772261,-0.026,-0.023,20,0.002999999999999999,A剤タンク1圧力(Mpa)
1,2026-04-01,-0.034,0.0,-0.034,-0.034,24,0.0,A剤タンク2圧力(Mpa)
1,2026-04-02,0.030062630480167014,0.03233746357382215,-0.03,0.05,479,0.08,A剤タンク2圧力(Mpa)
1,2026-04-03,0.006459459459459459,0.037303050010870115,-0.035,0.049,444,0.084,A剤タンク2圧力(Mpa)
1,2026-04-06,0.024455580865603642,0.03370429033252828,-0.037,0.052,439,0.089,A剤タンク2圧力(Mpa)
1,2026-04-07,0.022491631799163178,0.037309051698367235,-0.036,0.053,478,0.089,A剤タンク2圧力(Mpa)
1,2026-04-08,0.012872437357630979,0.040768554240026476,-0.035,0.05,439,0.085,A剤タンク2圧力(Mpa)
1,2026-04-09,0.0092991452991453,0.03741795077169709,-0.033,0.049,468,0.082,A剤タンク2圧力(Mpa)
1,2026-04-10,-0.013492146596858639,0.03666409474777731,-0.037,0.049,382,0.086,A剤タンク2圧力(Mpa)
1,2026-04-14,0.00365625,0.0004825587044348145,0.003,0.004,32,0.001,A剤タンク2圧力(Mpa)
1,2026-04-15,0.01918801652892562,0.03659112933988586,-0.034,0.049,484,0.083,A剤タンク2圧力(Mpa)
1,2026-04-16,0.0024556962025316454,0.040681550109130785,-0.035,0.05,474,0.085,A剤タンク2圧力(Mpa)
1,2026-04-17,0.023085287846481877,0.03820727848517728,-0.035,0.052,469,0.087,A剤タンク2圧力(Mpa)
1,2026-04-20,0.024642718446601944,0.026821294323196746,-0.035,0.048,515,0.083,A剤タンク2圧力(Mpa)
1,2026-04-21,0.03156124031007752,0.025729687490038015,-0.036,0.048,645,0.08399999999999999,A剤タンク2圧力(Mpa)
2,2026-04-02,-0.006266666666666667,0.034894671444764956,-0.03,0.05,15,0.08,A剤タンク2圧力(Mpa)
2,2026-04-03,-0.02315789473684211,0.017563418921455083,-0.035,0.002,19,0.037000000000000005,A剤タンク2圧力(Mpa)
2,2026-04-06,0.045,0.0,0.045,0.045,13,0.0,A剤タンク2圧力(Mpa)
2,2026-04-07,0.04852941176470588,0.0007998161553463031,0.048,0.05,17,0.0020000000000000018,A剤タンク2圧力(Mpa)
2,2026-04-08,0.03940740740740741,0.026334036558824044,-0.035,0.049,27,0.084,A剤タンク2圧力(Mpa)
2,2026-04-09,-0.015526315789473687,0.03344376444297141,-0.033,0.048,19,0.081,A剤タンク2圧力(Mpa)
2,2026-04-10,-0.03542857142857143,0.000755928946018451,-0.036,-0.034,14,0.001999999999999995,A剤タンク2圧力(Mpa)
2,2026-04-15,-0.012352941176470587,0.03453067689835842,-0.033,0.048,17,0.081,A剤タンク2圧力(Mpa)
2,2026-04-16,-0.02676923076923077,0.02276749820158057,-0.034,0.049,13,0.083,A剤タンク2圧力(Mpa)
2,2026-04-17,0.04042105263157895,0.026581772763960905,-0.035,0.05,19,0.085,A剤タンク2圧力(Mpa)
2,2026-04-20,0.042083333333333334,0.0002886751345948114,0.042,0.043,12,0.000999999999999994,A剤タンク2圧力(Mpa)
2,2026-04-21,0.0416,0.01077545102664321,0.002,0.045,30,0.043,A剤タンク2圧力(Mpa)
3,2026-04-02,0.0285,0.039,-0.03,0.048,4,0.078,A剤タンク2圧力(Mpa)
3,2026-04-03,0.002,,0.002,0.002,1,0.0,A剤タンク2圧力(Mpa)
6,2026-04-02,0.029793650793650792,0.0333970052405508,-0.03,0.049,63,0.079,A剤タンク2圧力(Mpa)
6,2026-04-03,-0.013285714285714286,0.03273262028377536,-0.035,0.049,70,0.084,A剤タンク2圧力(Mpa)
6,2026-04-06,0.040675,0.012722657962903254,0.003,0.045,40,0.041999999999999996,A剤タンク2圧力(Mpa)
6,2026-04-07,0.03630909090909091,0.029491915230670664,-0.036,0.05,55,0.086,A剤タンク2圧力(Mpa)
6,2026-04-08,0.02905263157894737,0.035666584685919885,-0.035,0.05,38,0.085,A剤タンク2圧力(Mpa)
6,2026-04-09,0.0031587301587301586,0.03990076656600777,-0.033,0.049,63,0.082,A剤タンク2圧力(Mpa)
6,2026-04-10,-0.011387096774193547,0.03861405393493828,-0.036,0.048,31,0.08399999999999999,A剤タンク2圧力(Mpa)
6,2026-04-15,0.006630769230769231,0.03982405414396604,-0.033,0.048,65,0.081,A剤タンク2圧力(Mpa)
6,2026-04-16,-0.008464285714285714,0.038366635261626765,-0.035,0.05,56,0.085,A剤タンク2圧力(Mpa)
6,2026-04-17,0.023466666666666667,0.03896420268540204,-0.035,0.05,45,0.085,A剤タンク2圧力(Mpa)
6,2026-04-20,0.027101694915254236,0.02844213418640965,-0.037,0.043,59,0.07999999999999999,A剤タンク2圧力(Mpa)
6,2026-04-21,0.03959405940594059,0.012874143247472257,0.002,0.045,101,0.043,A剤タンク2圧力(Mpa)
7,2026-04-02,0.0296375,0.032945387779617454,-0.029,0.05,80,0.079,A剤タンク2圧力(Mpa)
7,2026-04-03,0.011316455696202533,0.03851358212098271,-0.035,0.05,79,0.085,A剤タンク2圧力(Mpa)
7,2026-04-06,0.030152542372881355,0.03128336208633749,-0.035,0.045,59,0.08,A剤タンク2圧力(Mpa)
7,2026-04-07,0.02904838709677419,0.02929187624153391,-0.034,0.05,62,0.084,A剤タンク2圧力(Mpa)
7,2026-04-08,0.02154285714285714,0.037545599604873026,-0.035,0.049,70,0.084,A剤タンク2圧力(Mpa)
7,2026-04-09,0.009266666666666668,0.040285366257032794,-0.033,0.049,60,0.082,A剤タンク2圧力(Mpa)
7,2026-04-10,0.0029821428571428577,0.04189705612197964,-0.036,0.048,56,0.08399999999999999,A剤タンク2圧力(Mpa)
7,2026-04-15,0.020836065573770494,0.03791050000895479,-0.032,0.049,61,0.081,A剤タンク2圧力(Mpa)
7,2026-04-16,0.002166666666666666,0.040548008898600996,-0.035,0.05,66,0.085,A剤タンク2圧力(Mpa)
7,2026-04-17,0.03531666666666667,0.030859710812197013,-0.035,0.049,60,0.084,A剤タンク2圧力(Mpa)
7,2026-04-20,0.024979591836734694,0.023288489463608387,-0.013,0.043,49,0.055999999999999994,A剤タンク2圧力(Mpa)
7,2026-04-21,0.04291139240506329,0.004756075395171628,0.027,0.045,79,0.018,A剤タンク2圧力(Mpa)
8,2026-04-02,0.014816666666666667,0.03855064538872217,-0.029,0.05,60,0.079,A剤タンク2圧力(Mpa)
8,2026-04-03,-0.009421052631578948,0.03229045809849291,-0.035,0.049,76,0.084,A剤タンク2圧力(Mpa)
8,2026-04-06,0.028673684210526313,0.03202041971672742,-0.033,0.048,95,0.081,A剤タンク2圧力(Mpa)
8,2026-04-07,0.03546666666666667,0.030283668287903163,-0.036,0.05,60,0.086,A剤タンク2圧力(Mpa)
8,2026-04-08,0.04080327868852459,0.01733187782875931,0.002,0.05,61,0.048,A剤タンク2圧力(Mpa)
8,2026-04-09,0.012102564102564103,0.03753010557550863,-0.032,0.049,78,0.081,A剤タンク2圧力(Mpa)
8,2026-04-10,-0.035952380952380944,0.0003794978037393269,-0.037,-0.034,42,0.0029999999999999957,A剤タンク2圧力(Mpa)
8,2026-04-15,0.008366666666666666,0.0403564485287433,-0.034,0.049,60,0.083,A剤タンク2圧力(Mpa)
8,2026-04-16,-0.0051666666666666675,0.039535292155777696,-0.035,0.05,90,0.085,A剤タンク2圧力(Mpa)
8,2026-04-17,0.017346153846153848,0.03979675774244749,-0.035,0.05,104,0.085,A剤タンク2圧力(Mpa)
8,2026-04-20,0.024224137931034482,0.02620822513005728,-0.032,0.043,116,0.075,A剤タンク2圧力(Mpa)
8,2026-04-21,0.030957894736842104,0.026315913784167543,-0.032,0.045,190,0.077,A剤タンク2圧力(Mpa)
9,2026-04-02,0.009600000000000001,0.0390927890261894,-0.029,0.049,40,0.078,A剤タンク2圧力(Mpa)
9,2026-04-03,-0.01008,0.03299093258234847,-0.035,0.049,50,0.084,A剤タンク2圧力(Mpa)
9,2026-04-06,0.03372,0.024276502454607652,-0.035,0.046,50,0.081,A剤タンク2圧力(Mpa)
9,2026-04-07,0.01936065573770492,0.039757612598882754,-0.036,0.049,61,0.08499999999999999,A剤タンク2圧力(Mpa)
9,2026-04-08,0.027999999999999997,0.03499970845359622,-0.035,0.049,50,0.084,A剤タンク2圧力(Mpa)
9,2026-04-09,-8.000000000000007e-05,0.039657122272534796,-0.033,0.049,50,0.082,A剤タンク2圧力(Mpa)
9,2026-04-10,-0.01475,0.036692589903768766,-0.036,0.048,40,0.08399999999999999,A剤タンク2圧力(Mpa)
9,2026-04-15,-0.005225806451612903,0.03804708458162452,-0.032,0.049,31,0.081,A剤タンク2圧力(Mpa)
9,2026-04-16,-0.01265,0.03604879172198958,-0.034,0.049,40,0.083,A剤タンク2圧力(Mpa)
9,2026-04-17,0.049,0.0,0.049,0.049,30,0.0,A剤タンク2圧力(Mpa)
9,2026-04-20,0.025040816326530616,0.022256047103047325,-0.01,0.044,49,0.054,A剤タンク2圧力(Mpa)
9,2026-04-21,0.043366666666666664,0.0041373317638659065,0.026,0.045,60,0.019,A剤タンク2圧力(Mpa)
10,2026-04-02,0.04783333333333334,0.0005773502691896259,0.046,0.048,12,0.0020000000000000018,A剤タンク2圧力(Mpa)
10,2026-04-03,-0.019000000000000003,0.0336273698049669,-0.035,0.049,11,0.084,A剤タンク2圧力(Mpa)
10,2026-04-06,0.03633333333333333,0.026000000000000002,-0.033,0.045,9,0.078,A剤タンク2圧力(Mpa)
10,2026-04-07,0.047636363636363636,0.000504524979109513,0.047,0.048,11,0.0010000000000000009,A剤タンク2圧力(Mpa)
10,2026-04-08,0.02107692307692308,0.03268399592680782,-0.035,0.048,13,0.083,A剤タンク2圧力(Mpa)
10,2026-04-09,0.033363636363636366,0.03231802199167742,-0.032,0.048,11,0.08,A剤タンク2圧力(Mpa)
10,2026-04-10,-0.016888888888888887,0.036791454321773026,-0.036,0.048,9,0.08399999999999999,A剤タンク2圧力(Mpa)
10,2026-04-15,-0.005333333333333333,0.040530852446007105,-0.034,0.049,9,0.083,A剤タンク2圧力(Mpa)
10,2026-04-16,-0.006666666666666668,0.04821134029803915,-0.035,0.049,3,0.084,A剤タンク2圧力(Mpa)
10,2026-04-17,0.0323,0.035471584872025855,-0.035,0.05,10,0.085,A剤タンク2圧力(Mpa)
10,2026-04-20,0.022,0.029691749695833016,-0.025,0.043,11,0.068,A剤タンク2圧力(Mpa)
10,2026-04-21,0.035791666666666666,0.02035762685124405,-0.032,0.046,24,0.078,A剤タンク2圧力(Mpa)
13,2026-04-02,-0.029,0.0,-0.029,-0.029,2,0.0,A剤タンク2圧力(Mpa)
13,2026-04-03,-0.006666666666666668,0.04735328218121035,-0.035,0.048,3,0.083,A剤タンク2圧力(Mpa)
13,2026-04-06,-0.033,,-0.033,-0.033,1,0.0,A剤タンク2圧力(Mpa)
13,2026-04-08,0.026166666666666668,0.0350623254600528,-0.035,0.048,6,0.083,A剤タンク2圧力(Mpa)
13,2026-04-09,-0.005666666666666667,0.046479386111838154,-0.033,0.048,3,0.081,A剤タンク2圧力(Mpa)
13,2026-04-10,-0.035,0.0,-0.035,-0.035,2,0.0,A剤タンク2圧力(Mpa)
13,2026-04-15,0.0164,0.043275859321335264,-0.032,0.048,5,0.08,A剤タンク2圧力(Mpa)
13,2026-04-16,0.0,0.04381780460041329,-0.032,0.048,5,0.08,A剤タンク2圧力(Mpa)
13,2026-04-17,0.0285,0.041,-0.033,0.049,4,0.082,A剤タンク2圧力(Mpa)
13,2026-04-20,0.018250000000000002,0.02809952550014561,-0.013,0.042,4,0.055,A剤タンク2圧力(Mpa)
13,2026-04-21,0.002,,0.002,0.002,1,0.0,A剤タンク2圧力(Mpa)
14,2026-04-03,-0.0006,0.011384199576606167,-0.033,0.003,10,0.036000000000000004,A剤タンク2圧力(Mpa)
14,2026-04-07,0.048,0.0,0.048,0.048,5,0.0,A剤タンク2圧力(Mpa)
14,2026-04-08,0.048,0.0,0.048,0.048,5,0.0,A剤タンク2圧力(Mpa)
14,2026-04-09,-0.0322,0.0004472135954999582,-0.033,-0.032,5,0.0010000000000000009,A剤タンク2圧力(Mpa)
14,2026-04-15,-0.03,0.0,-0.03,-0.03,5,0.0,A剤タンク2圧力(Mpa)
14,2026-04-16,0.0162,0.04234461791853442,-0.033,0.049,10,0.082,A剤タンク2圧力(Mpa)
14,2026-04-17,0.049,0.0,0.049,0.049,5,0.0,A剤タンク2圧力(Mpa)
14,2026-04-20,0.0429,0.0003077935056255442,0.042,0.043,20,0.000999999999999994,A剤タンク2圧力(Mpa)
1,2026-04-01,0.04608333333333333,0.0002823298512866389,0.046,0.047,24,0.0010000000000000009,B剤タンク1圧力(Mpa)
1,2026-04-02,0.022724425887265136,0.04807563828250358,-0.083,0.048,479,0.131,B剤タンク1圧力(Mpa)
1,2026-04-03,-0.0031351351351351356,0.05530767404151413,-0.084,0.05,444,0.134,B剤タンク1圧力(Mpa)
1,2026-04-06,-0.017961275626423693,0.06342468192920733,-0.085,0.049,439,0.134,B剤タンク1圧力(Mpa)
1,2026-04-07,0.026692468619246863,0.04441697299827176,-0.083,0.049,478,0.132,B剤タンク1圧力(Mpa)
1,2026-04-08,0.009619589977220955,0.05649312948743017,-0.084,0.049,439,0.133,B剤タンク1圧力(Mpa)
1,2026-04-09,-0.01241239316239316,0.0632319310568741,-0.086,0.049,468,0.135,B剤タンク1圧力(Mpa)
1,2026-04-10,-0.0014947643979057604,0.06177066826642584,-0.084,0.05,382,0.134,B剤タンク1圧力(Mpa)
1,2026-04-14,0.047093750000000004,0.00029614458108029833,0.047,0.048,32,0.0010000000000000009,B剤タンク1圧力(Mpa)
1,2026-04-15,0.018320247933884294,0.051651511065829776,-0.083,0.052,484,0.135,B剤タンク1圧力(Mpa)
1,2026-04-16,0.007061181434599156,0.05767986347599756,-0.081,0.05,474,0.131,B剤タンク1圧力(Mpa)
1,2026-04-17,0.006974413646055436,0.05657760144231355,-0.083,0.05,469,0.133,B剤タンク1圧力(Mpa)
1,2026-04-20,-0.013821359223300972,0.062133181374535315,-0.093,0.048,515,0.14100000000000001,B剤タンク1圧力(Mpa)
1,2026-04-21,-0.018055813953488372,0.05950322281967647,-0.085,0.05,645,0.135,B剤タンク1圧力(Mpa)
2,2026-04-02,-0.047466666666666664,0.05040105818994941,-0.082,0.048,15,0.13,B剤タンク1圧力(Mpa)
2,2026-04-03,-0.055052631578947374,0.04707024736640443,-0.084,0.048,19,0.132,B剤タンク1圧力(Mpa)
2,2026-04-06,0.03638461538461538,0.03557278562220109,-0.082,0.047,13,0.129,B剤タンク1圧力(Mpa)
2,2026-04-07,0.045647058823529416,0.0009963167462326067,0.045,0.048,17,0.0030000000000000027,B剤タンク1圧力(Mpa)
2,2026-04-08,0.036925925925925925,0.03399765368140066,-0.081,0.048,27,0.129,B剤タンク1圧力(Mpa)
2,2026-04-09,-0.057894736842105256,0.05591749352279075,-0.086,0.048,19,0.134,B剤タンク1圧力(Mpa)
2,2026-04-10,-0.04471428571428571,0.05955402017228828,-0.082,0.046,14,0.128,B剤タンク1圧力(Mpa)
2,2026-04-15,0.04535294117647059,0.0004925921830718932,0.045,0.046,17,0.0010000000000000009,B剤タンク1圧力(Mpa)
2,2026-04-16,0.005846153846153845,0.06062019211704704,-0.081,0.048,13,0.129,B剤タンク1圧力(Mpa)
2,2026-04-17,0.03352631578947368,0.04106684039607819,-0.083,0.048,19,0.131,B剤タンク1圧力(Mpa)
2,2026-04-20,-0.05483333333333334,0.0604044449498294,-0.093,0.045,12,0.138,B剤タンク1圧力(Mpa)
2,2026-04-21,-0.053200000000000004,0.04220017976755304,-0.084,0.047,30,0.131,B剤タンク1圧力(Mpa)
3,2026-04-02,0.047,0.0008164965809277268,0.046,0.048,4,0.0020000000000000018,B剤タンク1圧力(Mpa)
3,2026-04-03,-0.059,,-0.059,-0.059,1,0.0,B剤タンク1圧力(Mpa)
6,2026-04-02,0.015936507936507936,0.0554584625195124,-0.083,0.048,63,0.131,B剤タンク1圧力(Mpa)
6,2026-04-03,0.016900000000000002,0.05254070885472066,-0.084,0.049,70,0.133,B剤タンク1圧力(Mpa)
6,2026-04-06,0.015175,0.05388301073765131,-0.082,0.047,40,0.129,B剤タンク1圧力(Mpa)
6,2026-04-07,0.027345454545454544,0.04485706442642261,-0.083,0.048,55,0.131,B剤タンク1圧力(Mpa)
6,2026-04-08,0.033236842105263155,0.039365531781761595,-0.08,0.048,38,0.128,B剤タンク1圧力(Mpa)
6,2026-04-09,-0.02474603174603174,0.06685780969991421,-0.086,0.049,63,0.135,B剤タンク1圧力(Mpa)
6,2026-04-10,-0.015645161290322583,0.064720191793647,-0.082,0.046,31,0.128,B剤タンク1圧力(Mpa)
6,2026-04-15,0.04567692307692307,0.0005033541343978232,0.045,0.047,65,0.0020000000000000018,B剤タンク1圧力(Mpa)
6,2026-04-16,0.010607142857142857,0.058503046873701316,-0.082,0.048,56,0.13,B剤タンク1圧力(Mpa)
6,2026-04-17,0.007244444444444443,0.0602725459722733,-0.083,0.049,45,0.132,B剤タンク1圧力(Mpa)
6,2026-04-20,-0.023,0.06462197768561405,-0.093,0.046,59,0.139,B剤タンク1圧力(Mpa)
6,2026-04-21,-0.014376237623762379,0.058803886178576424,-0.084,0.048,101,0.132,B剤タンク1圧力(Mpa)
7,2026-04-02,0.0260125,0.04581677702503773,-0.083,0.047,80,0.13,B剤タンク1圧力(Mpa)
7,2026-04-03,0.007493670886075949,0.052313128571776495,-0.084,0.048,79,0.132,B剤タンク1圧力(Mpa)
7,2026-04-06,0.011966101694915254,0.056648330194733455,-0.085,0.049,59,0.134,B剤タンク1圧力(Mpa)
7,2026-04-07,0.007483870967741935,0.055657542441897315,-0.082,0.048,62,0.13,B剤タンク1圧力(Mpa)
7,2026-04-08,0.00927142857142857,0.05878255716549861,-0.083,0.049,70,0.132,B剤タンク1圧力(Mpa)
7,2026-04-09,0.0028333333333333357,0.0633497599868814,-0.086,0.05,60,0.136,B剤タンク1圧力(Mpa)
7,2026-04-10,0.00030357142857142687,0.061900776803132024,-0.082,0.047,56,0.129,B剤タンク1圧力(Mpa)
7,2026-04-15,0.0340327868852459,0.034635226390249345,-0.08,0.046,61,0.126,B剤タンク1圧力(Mpa)
7,2026-04-16,0.0238030303030303,0.049787925535590735,-0.081,0.05,66,0.131,B剤タンク1圧力(Mpa)
7,2026-04-17,-0.013966666666666667,0.059551421069630475,-0.084,0.047,60,0.131,B剤タンク1圧力(Mpa)
7,2026-04-20,-0.002591836734693879,0.06428417326195297,-0.093,0.046,49,0.139,B剤タンク1圧力(Mpa)
7,2026-04-21,0.0008227848101265811,0.06198526696200101,-0.084,0.047,79,0.131,B剤タンク1圧力(Mpa)
8,2026-04-02,-0.020450000000000003,0.06299406079080197,-0.083,0.047,60,0.13,B剤タンク1圧力(Mpa)
8,2026-04-03,-0.014105263157894737,0.059000695803211996,-0.084,0.051,76,0.135,B剤タンク1圧力(Mpa)
8,2026-04-06,0.0007999999999999986,0.06077751543933599,-0.082,0.047,95,0.129,B剤タンク1圧力(Mpa)
8,2026-04-07,0.045616666666666666,0.0006661721329614928,0.045,0.048,60,0.0030000000000000027,B剤タンク1圧力(Mpa)
8,2026-04-08,0.021918032786885245,0.047194383522465605,-0.083,0.048,61,0.131,B剤タンク1圧力(Mpa)
8,2026-04-09,-0.00882051282051282,0.06227124236521724,-0.086,0.048,78,0.134,B剤タンク1圧力(Mpa)
8,2026-04-10,-0.08178571428571428,0.0008705399021609279,-0.082,-0.078,42,0.0040000000000000036,B剤タンク1圧力(Mpa)
8,2026-04-15,0.04571666666666666,0.0008455600223594001,0.045,0.048,60,0.0030000000000000027,B剤タンク1圧力(Mpa)
8,2026-04-16,0.005977777777777777,0.06030837938644784,-0.081,0.048,90,0.129,B剤タンク1圧力(Mpa)
8,2026-04-17,0.0011923076923076909,0.060525221722235484,-0.083,0.049,104,0.132,B剤タンク1圧力(Mpa)
8,2026-04-20,-0.02487931034482759,0.0656712702947715,-0.093,0.046,116,0.139,B剤タンク1圧力(Mpa)
8,2026-04-21,-0.014710526315789476,0.06145162329029667,-0.085,0.051,190,0.136,B剤タンク1圧力(Mpa)
9,2026-04-02,-0.008475000000000002,0.06138444950494906,-0.083,0.046,40,0.129,B剤タンク1圧力(Mpa)
9,2026-04-03,-0.00044000000000000067,0.059042412980943156,-0.084,0.047,50,0.131,B剤タンク1圧力(Mpa)
9,2026-04-06,0.0231,0.04741447725179752,-0.083,0.05,50,0.133,B剤タンク1圧力(Mpa)
9,2026-04-07,0.024999999999999998,0.04688354366583937,-0.08,0.047,61,0.127,B剤タンク1圧力(Mpa)
9,2026-04-08,-0.0026200000000000017,0.06273816336853626,-0.083,0.046,50,0.129,B剤タンク1圧力(Mpa)
9,2026-04-09,-0.006179999999999996,0.06583767608168391,-0.086,0.049,50,0.135,B剤タンク1圧力(Mpa)
9,2026-04-10,-0.017825,0.06463899255847323,-0.082,0.046,40,0.128,B剤タンク1圧力(Mpa)
9,2026-04-15,0.04541935483870967,0.0005016103101270997,0.045,0.046,31,0.0010000000000000009,B剤タンク1圧力(Mpa)
9,2026-04-16,0.02275,0.05001832997345406,-0.081,0.048,40,0.129,B剤タンク1圧力(Mpa)
9,2026-04-17,0.046799999999999994,0.00040683810217248626,0.046,0.047,30,0.0010000000000000009,B剤タンク1圧力(Mpa)
9,2026-04-20,0.007693877551020407,0.05917565803099583,-0.093,0.047,49,0.14,B剤タンク1圧力(Mpa)
9,2026-04-21,0.004416666666666665,0.06086252685471779,-0.084,0.048,60,0.132,B剤タンク1圧力(Mpa)
10,2026-04-02,-0.007416666666666669,0.06601853504658346,-0.083,0.046,12,0.129,B剤タンク1圧力(Mpa)
10,2026-04-03,0.011727272727272727,0.06149323687868596,-0.084,0.05,11,0.134,B剤タンク1圧力(Mpa)
10,2026-04-06,0.03166666666666666,0.04187779841395677,-0.08,0.046,9,0.126,B剤タンク1圧力(Mpa)
10,2026-04-07,0.04527272727272727,0.0004670993664969147,0.045,0.046,11,0.0010000000000000009,B剤タンク1圧力(Mpa)
10,2026-04-08,-0.0025384615384615398,0.06456342538493368,-0.081,0.047,13,0.128,B剤タンク1圧力(Mpa)
10,2026-04-09,0.047,0.0,0.047,0.047,11,0.0,B剤タンク1圧力(Mpa)
10,2026-04-10,0.003888888888888888,0.06416861468904492,-0.082,0.047,9,0.129,B剤タンク1圧力(Mpa)
10,2026-04-15,0.04577777777777778,0.0009718253158075481,0.045,0.047,9,0.0020000000000000018,B剤タンク1圧力(Mpa)
10,2026-04-16,-0.03833333333333334,0.0739008344562721,-0.081,0.047,3,0.128,B剤タンク1圧力(Mpa)
10,2026-04-17,0.0103,0.05942885569223834,-0.083,0.049,10,0.132,B剤タンク1圧力(Mpa)
10,2026-04-20,-0.012090909090909091,0.06691405613987923,-0.093,0.046,11,0.139,B剤タンク1圧力(Mpa)
10,2026-04-21,-0.002833333333333335,0.06110622729716468,-0.085,0.048,24,0.133,B剤タンク1圧力(Mpa)
13,2026-04-02,0.046,0.0,0.046,0.046,2,0.0,B剤タンク1圧力(Mpa)
13,2026-04-03,-0.03233333333333333,0.06974477280293724,-0.084,0.047,3,0.131,B剤タンク1圧力(Mpa)
13,2026-04-06,-0.081,,-0.081,-0.081,1,0.0,B剤タンク1圧力(Mpa)
13,2026-04-08,0.002999999999999998,0.06661531355476757,-0.083,0.046,6,0.129,B剤タンク1圧力(Mpa)
13,2026-04-09,-0.041333333333333326,0.07736493607140985,-0.086,0.048,3,0.134,B剤タンク1圧力(Mpa)
13,2026-04-10,0.046,0.0,0.046,0.046,2,0.0,B剤タンク1圧力(Mpa)
13,2026-04-15,0.045599999999999995,0.0005477225575051671,0.045,0.046,5,0.0010000000000000009,B剤タンク1圧力(Mpa)
13,2026-04-16,0.046799999999999994,0.00044721359549995774,0.046,0.047,5,0.0010000000000000009,B剤タンク1圧力(Mpa)
13,2026-04-17,-0.013250000000000001,0.06923089387453168,-0.08,0.047,4,0.127,B剤タンク1圧力(Mpa)
13,2026-04-20,-0.025,0.0785196366097891,-0.093,0.043,4,0.136,B剤タンク1圧力(Mpa)
13,2026-04-21,-0.08,,-0.08,-0.08,1,0.0,B剤タンク1圧力(Mpa)
14,2026-04-03,-0.0612,0.006957010852370436,-0.081,-0.059,10,0.022000000000000006,B剤タンク1圧力(Mpa)
14,2026-04-07,0.046,0.0,0.046,0.046,5,0.0,B剤タンク1圧力(Mpa)
14,2026-04-08,0.046,0.0,0.046,0.046,5,0.0,B剤タンク1圧力(Mpa)
14,2026-04-09,0.048799999999999996,0.0008366600265340755,0.048,0.05,5,0.0020000000000000018,B剤タンク1圧力(Mpa)
14,2026-04-15,0.045,0.0,0.045,0.045,5,0.0,B剤タンク1圧力(Mpa)
14,2026-04-16,0.0474,0.0005163977794943226,0.047,0.048,10,0.0010000000000000009,B剤タンク1圧力(Mpa)
14,2026-04-17,0.047,0.0,0.047,0.047,5,0.0,B剤タンク1圧力(Mpa)
14,2026-04-20,-0.08280000000000001,0.0016415653633362409,-0.086,-0.082,20,0.00399999999999999,B剤タンク1圧力(Mpa)
1,2026-04-01,-0.083,0.0,-0.083,-0.083,24,0.0,B剤タンク2圧力(Mpa)
1,2026-04-02,-0.008392484342379962,0.06256260818889124,-0.083,0.053,479,0.136,B剤タンク2圧力(Mpa)
1,2026-04-03,0.010256756756756757,0.05858899059382236,-0.084,0.052,444,0.136,B剤タンク2圧力(Mpa)
1,2026-04-06,0.019995444191343966,0.05388665575719965,-0.083,0.056,439,0.139,B剤タンク2圧力(Mpa)
1,2026-04-07,-0.006738493723849374,0.06295571488863717,-0.086,0.052,478,0.13799999999999998,B剤タンク2圧力(Mpa)
1,2026-04-08,-0.022102505694760823,0.06573761993008613,-0.084,0.053,439,0.137,B剤タンク2圧力(Mpa)
1,2026-04-09,-0.005040598290598291,0.06076010730298272,-0.082,0.052,468,0.134,B剤タンク2圧力(Mpa)
1,2026-04-10,0.028311518324607328,0.04731504755622356,-0.084,0.055,382,0.139,B剤タンク2圧力(Mpa)
1,2026-04-14,-0.06025,0.007175226196277156,-0.074,-0.054,32,0.019999999999999997,B剤タンク2圧力(Mpa)
1,2026-04-15,-0.008493801652892563,0.06494104638835448,-0.084,0.052,484,0.136,B剤タンク2圧力(Mpa)
1,2026-04-16,0.015006329113924051,0.055429420695815454,-0.082,0.056,474,0.138,B剤タンク2圧力(Mpa)
1,2026-04-17,-0.014304904051172709,0.06382480358623889,-0.084,0.051,469,0.135,B剤タンク2圧力(Mpa)
1,2026-04-20,0.013417475728155338,0.053549519660520496,-0.082,0.049,515,0.131,B剤タンク2圧力(Mpa)
1,2026-04-21,0.04246976744186046,0.024610022338063708,-0.072,0.054,645,0.126,B剤タンク2圧力(Mpa)
2,2026-04-02,0.023333333333333334,0.05452478684921548,-0.082,0.053,15,0.135,B剤タンク2圧力(Mpa)
2,2026-04-03,0.048473684210526315,0.0007723284457212334,0.048,0.05,19,0.0020000000000000018,B剤タンク2圧力(Mpa)
2,2026-04-06,0.018076923076923077,0.05705328144004447,-0.082,0.049,13,0.131,B剤タンク2圧力(Mpa)
2,2026-04-07,-0.06023529411764706,0.05230025025246618,-0.085,0.05,17,0.135,B剤タンク2圧力(Mpa)
2,2026-04-08,-0.034,0.06550807348951496,-0.084,0.05,27,0.134,B剤タンク2圧力(Mpa)
2,2026-04-09,0.023894736842105264,0.049292657484369264,-0.069,0.05,19,0.11900000000000001,B剤タンク2圧力(Mpa)
2,2026-04-10,0.04857142857142858,0.000755928946018455,0.048,0.05,14,0.0020000000000000018,B剤タンク2圧力(Mpa)
2,2026-04-15,0.00288235294117647,0.06514491763842861,-0.084,0.051,17,0.135,B剤タンク2圧力(Mpa)
2,2026-04-16,0.04730769230769231,0.0007510676161988124,0.047,0.049,13,0.0020000000000000018,B剤タンク2圧力(Mpa)
2,2026-04-17,-0.056052631578947375,0.0556032310054516,-0.084,0.049,19,0.133,B剤タンク2圧力(Mpa)
2,2026-04-20,0.04408333333333333,0.0002886751345948125,0.044,0.045,12,0.0010000000000000009,B剤タンク2圧力(Mpa)
2,2026-04-21,0.04796666666666667,0.0005560534167675373,0.047,0.05,30,0.0030000000000000027,B剤タンク2圧力(Mpa)
3,2026-04-02,-0.07225000000000001,0.006499999999999998,-0.082,-0.069,4,0.012999999999999998,B剤タンク2圧力(Mpa)
3,2026-04-03,0.05,,0.05,0.05,1,0.0,B剤タンク2圧力(Mpa)
6,2026-04-02,-0.026523809523809526,0.058942250890953986,-0.082,0.052,63,0.134,B剤タンク2圧力(Mpa)
6,2026-04-03,0.0018714285714285712,0.06348157816284618,-0.084,0.05,70,0.134,B剤タンク2圧力(Mpa)
6,2026-04-06,0.014875,0.0572140324817305,-0.082,0.052,40,0.134,B剤タンク2圧力(Mpa)
6,2026-04-07,-0.021672727272727278,0.06717088614964037,-0.085,0.049,55,0.134,B剤タンク2圧力(Mpa)
6,2026-04-08,-0.03431578947368421,0.06476156069733403,-0.084,0.05,38,0.134,B剤タンク2圧力(Mpa)
6,2026-04-09,-0.005142857142857144,0.061507108727066134,-0.082,0.052,63,0.134,B剤タンク2圧力(Mpa)
6,2026-04-10,0.010967741935483872,0.059796590689307,-0.081,0.049,31,0.13,B剤タンク2圧力(Mpa)
6,2026-04-15,-0.011538461538461539,0.06412587156402752,-0.084,0.05,65,0.134,B剤タンク2圧力(Mpa)
6,2026-04-16,0.011696428571428571,0.05849566250986078,-0.082,0.051,56,0.133,B剤タンク2圧力(Mpa)
6,2026-04-17,-0.028044444444444445,0.0661970047233516,-0.084,0.049,45,0.133,B剤タンク2圧力(Mpa)
6,2026-04-20,0.023983050847457624,0.04708191377084152,-0.082,0.048,59,0.13,B剤タンク2圧力(Mpa)
6,2026-04-21,0.0459009900990099,0.016386888020911754,-0.069,0.052,101,0.121,B剤タンク2圧力(Mpa)
7,2026-04-02,-0.0253875,0.059304512123681166,-0.083,0.053,80,0.136,B剤タンク2圧力(Mpa)
7,2026-04-03,0.020367088607594938,0.054545012513822676,-0.084,0.053,79,0.137,B剤タンク2圧力(Mpa)
7,2026-04-06,0.026779661016949154,0.04925481520189437,-0.083,0.051,59,0.134,B剤タンク2圧力(Mpa)
7,2026-04-07,0.001435483870967741,0.0644262498603908,-0.085,0.051,62,0.136,B剤タンク2圧力(Mpa)
7,2026-04-08,-0.007042857142857142,0.06542579283837546,-0.084,0.05,70,0.134,B剤タンク2圧力(Mpa)
7,2026-04-09,-0.012883333333333333,0.06020954698403401,-0.08,0.049,60,0.129,B剤タンク2圧力(Mpa)
7,2026-04-10,0.026160714285714287,0.04623842431481509,-0.069,0.05,56,0.11900000000000001,B剤タンク2圧力(Mpa)
7,2026-04-15,0.01181967213114754,0.057998709237568766,-0.084,0.053,61,0.137,B剤タンク2圧力(Mpa)
7,2026-04-16,0.0195,0.05329316596395394,-0.082,0.051,66,0.133,B剤タンク2圧力(Mpa)
7,2026-04-17,0.004083333333333332,0.0628116073874795,-0.084,0.049,60,0.133,B剤タンク2圧力(Mpa)
7,2026-04-20,0.0014081632653061198,0.05688252454523671,-0.082,0.044,49,0.126,B剤タンク2圧力(Mpa)
7,2026-04-21,0.04316455696202532,0.024639675311998083,-0.08,0.049,79,0.129,B剤タンク2圧力(Mpa)
8,2026-04-02,0.04036666666666667,0.033272356657052776,-0.069,0.053,60,0.122,B剤タンク2圧力(Mpa)
8,2026-04-03,0.020894736842105265,0.052894758139124635,-0.083,0.051,76,0.134,B剤タンク2圧力(Mpa)
8,2026-04-06,0.03507368421052632,0.04038096299560484,-0.082,0.051,95,0.133,B剤タンク2圧力(Mpa)
8,2026-04-07,-0.017583333333333336,0.06698906859133409,-0.085,0.053,60,0.138,B剤タンク2圧力(Mpa)
8,2026-04-08,0.005868852459016393,0.06329441139359149,-0.084,0.053,61,0.137,B剤タンク2圧力(Mpa)
8,2026-04-09,0.0021153846153846153,0.06130146515679403,-0.082,0.05,78,0.132,B剤タンク2圧力(Mpa)
8,2026-04-10,0.04857142857142857,0.000667827096903745,0.048,0.051,42,0.0029999999999999957,B剤タンク2圧力(Mpa)
8,2026-04-15,0.002733333333333333,0.06401532302442052,-0.084,0.052,60,0.136,B剤タンク2圧力(Mpa)
8,2026-04-16,0.019655555555555558,0.0541155985137084,-0.082,0.052,90,0.134,B剤タンク2圧力(Mpa)
8,2026-04-17,-0.0012403846153846165,0.06441725258747533,-0.084,0.049,104,0.133,B剤タンク2圧力(Mpa)
8,2026-04-20,0.02228448275862069,0.04735174686360031,-0.082,0.048,116,0.13,B剤タンク2圧力(Mpa)
8,2026-04-21,0.04809473684210526,0.0011181398404798404,0.047,0.05,190,0.0030000000000000027,B剤タンク2圧力(Mpa)
9,2026-04-02,0.020125,0.052114365114448544,-0.069,0.051,40,0.12,B剤タンク2圧力(Mpa)
9,2026-04-03,-0.005560000000000001,0.06224020617981694,-0.083,0.05,50,0.133,B剤タンク2圧力(Mpa)
9,2026-04-06,-0.011320000000000002,0.06529726062322953,-0.082,0.05,50,0.132,B剤タンク2圧力(Mpa)
9,2026-04-07,0.004786885245901638,0.06323266949768354,-0.085,0.05,61,0.135,B剤タンク2圧力(Mpa)
9,2026-04-08,-0.006440000000000001,0.06622230957701707,-0.084,0.05,50,0.134,B剤タンク2圧力(Mpa)
9,2026-04-09,0.0028799999999999997,0.056496573853136056,-0.081,0.049,50,0.13,B剤タンク2圧力(Mpa)
9,2026-04-10,0.016025,0.05673261057420241,-0.081,0.049,40,0.13,B剤タンク2圧力(Mpa)
9,2026-04-15,-0.015225806451612905,0.06769919235235596,-0.084,0.05,31,0.134,B剤タンク2圧力(Mpa)
9,2026-04-16,-0.0334,0.05793090490912209,-0.082,0.049,40,0.131,B剤タンク2圧力(Mpa)
9,2026-04-17,-0.03936666666666667,0.06420306327063635,-0.084,0.052,30,0.136,B剤タンク2圧力(Mpa)
9,2026-04-20,0.00910204081632653,0.051948389812212954,-0.082,0.048,49,0.13,B剤タンク2圧力(Mpa)
9,2026-04-21,0.04796666666666667,0.0007804098589988473,0.047,0.05,60,0.0030000000000000027,B剤タンク2圧力(Mpa)
10,2026-04-02,-0.019750000000000004,0.06086516394308145,-0.069,0.05,12,0.11900000000000001,B剤タンク2圧力(Mpa)
10,2026-04-03,0.013818181818181818,0.05909960775135175,-0.083,0.049,11,0.132,B剤タンク2圧力(Mpa)
10,2026-04-06,-0.009111111111111111,0.06915280985694733,-0.082,0.05,9,0.132,B剤タンク2圧力(Mpa)
10,2026-04-07,0.012363636363636365,0.06253362731726464,-0.085,0.049,11,0.134,B剤タンク2圧力(Mpa)
10,2026-04-08,0.028538461538461537,0.04950692777214011,-0.083,0.05,13,0.133,B剤タンク2圧力(Mpa)
10,2026-04-09,-0.0520909090909091,0.04974827543835977,-0.081,0.048,11,0.129,B剤タンク2圧力(Mpa)
10,2026-04-10,0.019777777777777776,0.05713750470964273,-0.081,0.049,9,0.13,B剤タンク2圧力(Mpa)
10,2026-04-15,-0.022222222222222223,0.06880729935438859,-0.084,0.05,9,0.134,B剤タンク2圧力(Mpa)
10,2026-04-16,0.005333333333333333,0.07563288526384099,-0.082,0.049,3,0.131,B剤タンク2圧力(Mpa)
10,2026-04-17,-0.017900000000000003,0.06967615565361414,-0.084,0.049,10,0.133,B剤タンク2圧力(Mpa)
10,2026-04-20,0.02209090909090909,0.05148486096990949,-0.082,0.048,11,0.13,B剤タンク2圧力(Mpa)
10,2026-04-21,0.04816666666666667,0.001340560125199672,0.047,0.05,24,0.0030000000000000027,B剤タンク2圧力(Mpa)
13,2026-04-02,0.05,0.0,0.05,0.05,2,0.0,B剤タンク2圧力(Mpa)
13,2026-04-03,0.003999999999999999,0.0762102355330306,-0.084,0.048,3,0.132,B剤タンク2圧力(Mpa)
13,2026-04-06,0.048,,0.048,0.048,1,0.0,B剤タンク2圧力(Mpa)
13,2026-04-08,0.005,0.06740623116596862,-0.084,0.05,6,0.134,B剤タンク2圧力(Mpa)
13,2026-04-09,0.009333333333333332,0.06784049921199972,-0.069,0.049,3,0.11800000000000001,B剤タンク2圧力(Mpa)
13,2026-04-10,0.049,0.0,0.049,0.049,2,0.0,B剤タンク2圧力(Mpa)
13,2026-04-15,-0.029800000000000004,0.07196665894704297,-0.084,0.05,5,0.134,B剤タンク2圧力(Mpa)
13,2026-04-16,-0.030200000000000005,0.07093095234099145,-0.082,0.048,5,0.13,B剤タンク2圧力(Mpa)
13,2026-04-17,0.01525,0.06616834590648311,-0.084,0.049,4,0.133,B剤タンク2圧力(Mpa)
13,2026-04-20,-0.015750000000000004,0.06919718202354776,-0.082,0.044,4,0.126,B剤タンク2圧力(Mpa)
13,2026-04-21,0.048,,0.048,0.048,1,0.0,B剤タンク2圧力(Mpa)
14,2026-04-03,0.0492,0.0006324555320336743,0.049,0.051,10,0.001999999999999995,B剤タンク2圧力(Mpa)
14,2026-04-07,-0.085,0.0,-0.085,-0.085,5,0.0,B剤タンク2圧力(Mpa)
14,2026-04-08,0.05,0.0,0.05,0.05,5,0.0,B剤タンク2圧力(Mpa)
14,2026-04-09,0.0482,0.0004472135954999587,0.048,0.049,5,0.0010000000000000009,B剤タンク2圧力(Mpa)
14,2026-04-15,-0.024,0.06665958295699126,-0.084,0.049,5,0.133,B剤タンク2圧力(Mpa)
14,2026-04-16,0.0482,0.001032795558988645,0.047,0.049,10,0.0020000000000000018,B剤タンク2圧力(Mpa)
14,2026-04-17,-0.084,0.0,-0.084,-0.084,5,0.0,B剤タンク2圧力(Mpa)
14,2026-04-20,0.044,0.0,0.044,0.044,20,0.0,B剤タンク2圧力(Mpa)
