"吐出パターン番号","ターゲットカラム","注入開始日","平均値","違反ルール","CL","UCL_3sigma","LCL_3sigma","上側2sigma","下側2sigma","上側1sigma","下側1sigma","違反ルール_str"
"1","A剤流圧(Mpa)","2026-04-15","0.1952479338842975","[2, 3]","0.19660453030591415","0.2481102102144979","0.14509885039733042","0.23094165024497","0.16226741036685832","0.21377309027544206","0.17943597033638625","2,3"
"1","A剤流圧(Mpa)","2026-04-16","0.1988185654008439","[3]","0.19660453030591415","0.2481102102144979","0.14509885039733042","0.23094165024497","0.16226741036685832","0.21377309027544206","0.17943597033638625","3"
"2","A剤流圧(Mpa)","2026-04-15","0.1941176470588235","[2, 5, 6]","0.19547881566576286","0.2232258609566678","0.16773177037485792","0.21397684585969948","0.17698078547182625","0.20472783076273118","0.18622980056879454","2,5,6"
"6","A剤流圧(Mpa)","2026-04-15","0.17076923076923078","[2, 5, 6]","0.17456990826128418","0.20178679744440972","0.14735301907815865","0.19271450105003454","0.15642531547253383","0.18364220465565936","0.165497611866909","2,5,6"
"6","A剤流圧(Mpa)","2026-04-16","0.17339285714285715","[2]","0.17456990826128418","0.20178679744440972","0.14735301907815865","0.19271450105003454","0.15642531547253383","0.18364220465565936","0.165497611866909","2"
"6","A剤流圧(Mpa)","2026-04-17","0.17022222222222222","[2]","0.17456990826128418","0.20178679744440972","0.14735301907815865","0.19271450105003454","0.15642531547253383","0.18364220465565936","0.165497611866909","2"
"6","A剤流圧(Mpa)","2026-04-20","0.17084745762711864","[2]","0.17456990826128418","0.20178679744440972","0.14735301907815865","0.19271450105003454","0.15642531547253383","0.18364220465565936","0.165497611866909","2"
"7","A剤流圧(Mpa)","2026-04-15","0.19196721311475412","[2, 5, 6]","0.2017061669858572","0.23477495005464027","0.1686373839170741","0.2237520223650459","0.17966031160666848","0.21272909467545156","0.19068323929626282","2,5,6"
"7","A剤流圧(Mpa)","2026-04-16","0.19742424242424245","[2]","0.2017061669858572","0.23477495005464027","0.1686373839170741","0.2237520223650459","0.17966031160666848","0.21272909467545156","0.19068323929626282","2"
"7","A剤流圧(Mpa)","2026-04-17","0.19516666666666668","[2]","0.2017061669858572","0.23477495005464027","0.1686373839170741","0.2237520223650459","0.17966031160666848","0.21272909467545156","0.19068323929626282","2"
"7","A剤流圧(Mpa)","2026-04-20","0.19448979591836738","[2]","0.2017061669858572","0.23477495005464027","0.1686373839170741","0.2237520223650459","0.17966031160666848","0.21272909467545156","0.19068323929626282","2"
"8","A剤流圧(Mpa)","2026-04-15","0.19749999999999998","[2, 6]","0.20245886270254393","0.24337186873182903","0.16154585667325883","0.22973420005540066","0.1751835253496872","0.2160965313789723","0.18882119402611555","2,6"
"8","A剤流圧(Mpa)","2026-04-16","0.20122222222222222","[2]","0.20245886270254393","0.24337186873182903","0.16154585667325883","0.22973420005540066","0.1751835253496872","0.2160965313789723","0.18882119402611555","2"
"8","A剤流圧(Mpa)","2026-04-17","0.19596153846153846","[2]","0.20245886270254393","0.24337186873182903","0.16154585667325883","0.22973420005540066","0.1751835253496872","0.2160965313789723","0.18882119402611555","2"
"8","A剤流圧(Mpa)","2026-04-20","0.1988793103448276","[2]","0.20245886270254393","0.24337186873182903","0.16154585667325883","0.22973420005540066","0.1751835253496872","0.2160965313789723","0.18882119402611555","2"
"9","A剤流圧(Mpa)","2026-04-15","0.1903225806451613","[2, 5, 6, 8]","0.2009255679769431","0.2313539424361263","0.1704971935177599","0.2212111509497319","0.18063998500415432","0.21106835946333752","0.1907827764905487","2,5,6,8"
"9","A剤流圧(Mpa)","2026-04-16","0.199","[2, 6]","0.2009255679769431","0.2313539424361263","0.1704971935177599","0.2212111509497319","0.18063998500415432","0.21106835946333752","0.1907827764905487","2,6"
"9","A剤流圧(Mpa)","2026-04-17","0.19433333333333333","[2]","0.2009255679769431","0.2313539424361263","0.1704971935177599","0.2212111509497319","0.18063998500415432","0.21106835946333752","0.1907827764905487","2"
"9","A剤流圧(Mpa)","2026-04-20","0.19489795918367347","[2]","0.2009255679769431","0.2313539424361263","0.1704971935177599","0.2212111509497319","0.18063998500415432","0.21106835946333752","0.1907827764905487","2"
"10","A剤流圧(Mpa)","2026-04-15","0.17222222222222222","[2, 5, 6]","0.17879858385486785","0.2038109138767096","0.1537862538330261","0.19547347053609568","0.16212369717364003","0.18713602719548178","0.17046114051425393","2,5,6"
"13","A剤流圧(Mpa)","2026-04-15","0.284","[2, 5, 6, 8, 3]","0.2923435679546791","0.31240662327138874","0.27228051263796943","0.30571893816581885","0.2789681977435393","0.29903125306024897","0.2856558828491092","2,5,6,8,3"
"13","A剤流圧(Mpa)","2026-04-16","0.29","[2, 3, 6]","0.2923435679546791","0.31240662327138874","0.27228051263796943","0.30571893816581885","0.2789681977435393","0.29903125306024897","0.2856558828491092","2,3,6"
"13","A剤流圧(Mpa)","2026-04-17","0.29","[2]","0.2923435679546791","0.31240662327138874","0.27228051263796943","0.30571893816581885","0.2789681977435393","0.29903125306024897","0.2856558828491092","2"
"13","A剤流圧(Mpa)","2026-04-20","0.2875","[2]","0.2923435679546791","0.31240662327138874","0.27228051263796943","0.30571893816581885","0.2789681977435393","0.29903125306024897","0.2856558828491092","2"
"13","A剤流圧(Mpa)","2026-04-21","0.32","[1]","0.2923435679546791","0.31240662327138874","0.27228051263796943","0.30571893816581885","0.2789681977435393","0.29903125306024897","0.2856558828491092","1"
"14","A剤流圧(Mpa)","2026-04-15","0.13","[1, 2, 5, 6, 8]","0.14719192128810135","0.15723386115460264","0.13714998142160006","0.15388654786576886","0.14049729471043385","0.1505392345769351","0.1438446079992676","1,2,5,6,8"
"14","A剤流圧(Mpa)","2026-04-16","0.135","[1, 2, 5, 6, 8]","0.14719192128810135","0.15723386115460264","0.13714998142160006","0.15388654786576886","0.14049729471043385","0.1505392345769351","0.1438446079992676","1,2,5,6,8"
"14","A剤流圧(Mpa)","2026-04-17","0.132","[1, 2, 5, 6, 8]","0.14719192128810135","0.15723386115460264","0.13714998142160006","0.15388654786576886","0.14049729471043385","0.1505392345769351","0.1438446079992676","1,2,5,6,8"
"14","A剤流圧(Mpa)","2026-04-20","0.138","[2, 5, 6, 8]","0.14719192128810135","0.15723386115460264","0.13714998142160006","0.15388654786576886","0.14049729471043385","0.1505392345769351","0.1438446079992676","2,5,6,8"
"1","B剤流圧(Mpa)","2026-04-15","0.17247933884297523","[2, 6]","0.20502148145031635","0.2550987819813374","0.1549441809192953","0.23840634847099706","0.17163661442963563","0.2217139149606567","0.18832904793997599","2,6"
"1","B剤流圧(Mpa)","2026-04-16","0.17443037974683545","[2, 6]","0.20502148145031635","0.2550987819813374","0.1549441809192953","0.23840634847099706","0.17163661442963563","0.2217139149606567","0.18832904793997599","2,6"
"1","B剤流圧(Mpa)","2026-04-17","0.17428571428571427","[2, 6, 5]","0.20502148145031635","0.2550987819813374","0.1549441809192953","0.23840634847099706","0.17163661442963563","0.2217139149606567","0.18832904793997599","2,6,5"
"1","B剤流圧(Mpa)","2026-04-20","0.16679611650485437","[2, 6, 5]","0.20502148145031635","0.2550987819813374","0.1549441809192953","0.23840634847099706","0.17163661442963563","0.2217139149606567","0.18832904793997599","2,6,5"
"1","B剤流圧(Mpa)","2026-04-21","0.16874418604651165","[2, 5, 6]","0.20502148145031635","0.2550987819813374","0.1549441809192953","0.23840634847099706","0.17163661442963563","0.2217139149606567","0.18832904793997599","2,5,6"
"2","B剤流圧(Mpa)","2026-04-15","0.16764705882352943","[1, 2, 5, 6, 8]","0.20319268441131497","0.22707621706677744","0.1793091517558525","0.21911503951495662","0.18727032930767332","0.2111538619631358","0.19523150685949414","1,2,5,6,8"
"2","B剤流圧(Mpa)","2026-04-16","0.16692307692307692","[1, 2, 5, 6, 8]","0.20319268441131497","0.22707621706677744","0.1793091517558525","0.21911503951495662","0.18727032930767332","0.2111538619631358","0.19523150685949414","1,2,5,6,8"
"2","B剤流圧(Mpa)","2026-04-17","0.16421052631578947","[1, 2, 5, 6, 8]","0.20319268441131497","0.22707621706677744","0.1793091517558525","0.21911503951495662","0.18727032930767332","0.2111538619631358","0.19523150685949414","1,2,5,6,8"
"2","B剤流圧(Mpa)","2026-04-20","0.16333333333333333","[1, 2, 5, 6, 8]","0.20319268441131497","0.22707621706677744","0.1793091517558525","0.21911503951495662","0.18727032930767332","0.2111538619631358","0.19523150685949414","1,2,5,6,8"
"2","B剤流圧(Mpa)","2026-04-21","0.164","[1, 2, 5, 6, 8]","0.20319268441131497","0.22707621706677744","0.1793091517558525","0.21911503951495662","0.18727032930767332","0.2111538619631358","0.19523150685949414","1,2,5,6,8"
"6","B剤流圧(Mpa)","2026-04-15","0.15061538461538462","[2, 5, 6, 8]","0.18243557407308855","0.21756007295131136","0.14731107519486575","0.20585190665857042","0.15901924148760668","0.1941437403658295","0.17072740778034762","2,5,6,8"
"6","B剤流圧(Mpa)","2026-04-16","0.1525","[2, 5, 6, 8]","0.18243557407308855","0.21756007295131136","0.14731107519486575","0.20585190665857042","0.15901924148760668","0.1941437403658295","0.17072740778034762","2,5,6,8"
"6","B剤流圧(Mpa)","2026-04-17","0.148","[2, 5, 6, 8]","0.18243557407308855","0.21756007295131136","0.14731107519486575","0.20585190665857042","0.15901924148760668","0.1941437403658295","0.17072740778034762","2,5,6,8"
"6","B剤流圧(Mpa)","2026-04-20","0.15","[2, 5, 6, 8]","0.18243557407308855","0.21756007295131136","0.14731107519486575","0.20585190665857042","0.15901924148760668","0.1941437403658295","0.17072740778034762","2,5,6,8"
"6","B剤流圧(Mpa)","2026-04-21","0.14782178217821781","[2, 5, 6, 8]","0.18243557407308855","0.21756007295131136","0.14731107519486575","0.20585190665857042","0.15901924148760668","0.1941437403658295","0.17072740778034762","2,5,6,8"
"7","B剤流圧(Mpa)","2026-04-15","0.16278688524590162","[1, 2, 5, 6, 8]","0.2155902436450532","0.25411247514974084","0.17706801214036555","0.24127173131484494","0.18990875597526144","0.22843098747994908","0.2027494998101573","1,2,5,6,8"
"7","B剤流圧(Mpa)","2026-04-16","0.17136363636363638","[1, 2, 5, 6, 8]","0.2155902436450532","0.25411247514974084","0.17706801214036555","0.24127173131484494","0.18990875597526144","0.22843098747994908","0.2027494998101573","1,2,5,6,8"
"7","B剤流圧(Mpa)","2026-04-17","0.16266666666666665","[1, 2, 5, 6, 8]","0.2155902436450532","0.25411247514974084","0.17706801214036555","0.24127173131484494","0.18990875597526144","0.22843098747994908","0.2027494998101573","1,2,5,6,8"
"7","B剤流圧(Mpa)","2026-04-20","0.16387755102040819","[1, 2, 5, 6, 8]","0.2155902436450532","0.25411247514974084","0.17706801214036555","0.24127173131484494","0.18990875597526144","0.22843098747994908","0.2027494998101573","1,2,5,6,8"
"7","B剤流圧(Mpa)","2026-04-21","0.1630379746835443","[1, 2, 5, 6, 8]","0.2155902436450532","0.25411247514974084","0.17706801214036555","0.24127173131484494","0.18990875597526144","0.22843098747994908","0.2027494998101573","1,2,5,6,8"
"8","B剤流圧(Mpa)","2026-04-15","0.1685","[1, 2, 5, 6, 8]","0.2152390482247138","0.2549053975605858","0.1755726988888418","0.2416832811152951","0.18879481533413248","0.22846116467000444","0.20201693177942315","1,2,5,6,8"
"8","B剤流圧(Mpa)","2026-04-16","0.17222222222222222","[1, 2, 5, 6, 8]","0.2152390482247138","0.2549053975605858","0.1755726988888418","0.2416832811152951","0.18879481533413248","0.22846116467000444","0.20201693177942315","1,2,5,6,8"
"8","B剤流圧(Mpa)","2026-04-17","0.16865384615384615","[1, 2, 5, 6, 8]","0.2152390482247138","0.2549053975605858","0.1755726988888418","0.2416832811152951","0.18879481533413248","0.22846116467000444","0.20201693177942315","1,2,5,6,8"
"8","B剤流圧(Mpa)","2026-04-20","0.1681896551724138","[1, 2, 5, 6, 8]","0.2152390482247138","0.2549053975605858","0.1755726988888418","0.2416832811152951","0.18879481533413248","0.22846116467000444","0.20201693177942315","1,2,5,6,8"
"8","B剤流圧(Mpa)","2026-04-21","0.16931578947368423","[1, 2, 5, 6, 8]","0.2152390482247138","0.2549053975605858","0.1755726988888418","0.2416832811152951","0.18879481533413248","0.22846116467000444","0.20201693177942315","1,2,5,6,8"
"9","B剤流圧(Mpa)","2026-04-15","0.16225806451612904","[1, 2, 5, 6, 8]","0.21282238718870278","0.24432050918746662","0.18132426518993894","0.23382113518787867","0.19182363918952688","0.22332176118829072","0.20232301318911483","1,2,5,6,8"
"9","B剤流圧(Mpa)","2026-04-16","0.1665","[1, 2, 5, 6, 8]","0.21282238718870278","0.24432050918746662","0.18132426518993894","0.23382113518787867","0.19182363918952688","0.22332176118829072","0.20232301318911483","1,2,5,6,8"
"9","B剤流圧(Mpa)","2026-04-17","0.16699999999999998","[1, 2, 5, 6, 8]","0.21282238718870278","0.24432050918746662","0.18132426518993894","0.23382113518787867","0.19182363918952688","0.22332176118829072","0.20232301318911483","1,2,5,6,8"
"9","B剤流圧(Mpa)","2026-04-20","0.16489795918367348","[1, 2, 5, 6, 8]","0.21282238718870278","0.24432050918746662","0.18132426518993894","0.23382113518787867","0.19182363918952688","0.22332176118829072","0.20232301318911483","1,2,5,6,8"
"9","B剤流圧(Mpa)","2026-04-21","0.16316666666666668","[1, 2, 5, 6, 8]","0.21282238718870278","0.24432050918746662","0.18132426518993894","0.23382113518787867","0.19182363918952688","0.22332176118829072","0.20232301318911483","1,2,5,6,8"
"10","B剤流圧(Mpa)","2026-04-15","0.1522222222222222","[1, 2, 5, 6, 8]","0.1889079518427903","0.21497714087963946","0.16283876280594115","0.20628741120068972","0.17152849248489088","0.19759768152174","0.1802182221638406","1,2,5,6,8"
"10","B剤流圧(Mpa)","2026-04-16","0.15333333333333332","[1, 2, 5, 6, 8]","0.1889079518427903","0.21497714087963946","0.16283876280594115","0.20628741120068972","0.17152849248489088","0.19759768152174","0.1802182221638406","1,2,5,6,8"
"10","B剤流圧(Mpa)","2026-04-17","0.14500000000000002","[1, 2, 5, 6, 8]","0.1889079518427903","0.21497714087963946","0.16283876280594115","0.20628741120068972","0.17152849248489088","0.19759768152174","0.1802182221638406","1,2,5,6,8"
"10","B剤流圧(Mpa)","2026-04-20","0.15","[1, 2, 5, 6, 8]","0.1889079518427903","0.21497714087963946","0.16283876280594115","0.20628741120068972","0.17152849248489088","0.19759768152174","0.1802182221638406","1,2,5,6,8"
"10","B剤流圧(Mpa)","2026-04-21","0.15125","[1, 2, 5, 6, 8]","0.1889079518427903","0.21497714087963946","0.16283876280594115","0.20628741120068972","0.17152849248489088","0.19759768152174","0.1802182221638406","1,2,5,6,8"
"13","B剤流圧(Mpa)","2026-04-15","0.22999999999999998","[1, 2, 5, 6, 8]","0.2996175110897332","0.33225978362882436","0.2669752385506421","0.32137902611579394","0.2778559960636725","0.3104982686027636","0.28873675357670286","1,2,5,6,8"
"13","B剤流圧(Mpa)","2026-04-16","0.238","[1, 2, 5, 6, 8]","0.2996175110897332","0.33225978362882436","0.2669752385506421","0.32137902611579394","0.2778559960636725","0.3104982686027636","0.28873675357670286","1,2,5,6,8"
"13","B剤流圧(Mpa)","2026-04-17","0.2275","[1, 2, 5, 6, 8]","0.2996175110897332","0.33225978362882436","0.2669752385506421","0.32137902611579394","0.2778559960636725","0.3104982686027636","0.28873675357670286","1,2,5,6,8"
"13","B剤流圧(Mpa)","2026-04-20","0.225","[1, 2, 5, 6, 8]","0.2996175110897332","0.33225978362882436","0.2669752385506421","0.32137902611579394","0.2778559960636725","0.3104982686027636","0.28873675357670286","1,2,5,6,8"
"13","B剤流圧(Mpa)","2026-04-21","0.25","[1, 2, 5, 6, 8]","0.2996175110897332","0.33225978362882436","0.2669752385506421","0.32137902611579394","0.2778559960636725","0.3104982686027636","0.28873675357670286","1,2,5,6,8"
"14","B剤流圧(Mpa)","2026-04-15","0.118","[1, 2, 5, 6, 8]","0.15672878927624265","0.1655893244525673","0.147868254099918","0.16263581272712574","0.15082176582535956","0.1596823010016842","0.1537752775508011","1,2,5,6,8"
"14","B剤流圧(Mpa)","2026-04-16","0.128","[1, 2, 5, 6, 8]","0.15672878927624265","0.1655893244525673","0.147868254099918","0.16263581272712574","0.15082176582535956","0.1596823010016842","0.1537752775508011","1,2,5,6,8"
"14","B剤流圧(Mpa)","2026-04-17","0.118","[1, 2, 5, 6, 8]","0.15672878927624265","0.1655893244525673","0.147868254099918","0.16263581272712574","0.15082176582535956","0.1596823010016842","0.1537752775508011","1,2,5,6,8"
"14","B剤流圧(Mpa)","2026-04-20","0.11950000000000001","[1, 2, 5, 6, 8]","0.15672878927624265","0.1655893244525673","0.147868254099918","0.16263581272712574","0.15082176582535956","0.1596823010016842","0.1537752775508011","1,2,5,6,8"
"2","A剤タンク1圧力(Mpa)","2026-04-15","0.03952941176470588","[6]","0.01656065414217673","0.06492480776948825","-0.0318034994851348","0.048803423227051085","-0.015682114942697625","0.032682038684613904","0.00043926959973955224","6"
"2","A剤タンク1圧力(Mpa)","2026-04-16","0.04776923076923077","[6]","0.01656065414217673","0.06492480776948825","-0.0318034994851348","0.048803423227051085","-0.015682114942697625","0.032682038684613904","0.00043926959973955224","6"
"2","A剤タンク1圧力(Mpa)","2026-04-17","-0.006105263157894736","[6]","0.01656065414217673","0.06492480776948825","-0.0318034994851348","0.048803423227051085","-0.015682114942697625","0.032682038684613904","0.00043926959973955224","6"
"2","A剤タンク1圧力(Mpa)","2026-04-20","-0.012583333333333334","[6]","0.01656065414217673","0.06492480776948825","-0.0318034994851348","0.048803423227051085","-0.015682114942697625","0.032682038684613904","0.00043926959973955224","6"
"2","A剤タンク1圧力(Mpa)","2026-04-21","0.0056","[6]","0.01656065414217673","0.06492480776948825","-0.0318034994851348","0.048803423227051085","-0.015682114942697625","0.032682038684613904","0.00043926959973955224","6"
"6","A剤タンク1圧力(Mpa)","2026-04-15","0.0474","[3]","0.017363472260201573","0.08146108526546104","-0.0467341407450579","0.06009521426370789","-0.025368269743304743","0.038729343261954735","-0.004002398741551585","3"
"6","A剤タンク1圧力(Mpa)","2026-04-16","0.04780357142857143","[3]","0.017363472260201573","0.08146108526546104","-0.0467341407450579","0.06009521426370789","-0.025368269743304743","0.038729343261954735","-0.004002398741551585","3"
"7","A剤タンク1圧力(Mpa)","2026-04-15","0.04718032786885246","[3]","0.017006536749471605","0.08019692011529356","-0.04618384661635035","0.059133458993352914","-0.025120385494409703","0.038069997871412256","-0.004056924372469049","3"
"7","A剤タンク1圧力(Mpa)","2026-04-16","0.04762121212121213","[3]","0.017006536749471605","0.08019692011529356","-0.04618384661635035","0.059133458993352914","-0.025120385494409703","0.038069997871412256","-0.004056924372469049","3"
"9","A剤タンク1圧力(Mpa)","2026-04-15","0.047870967741935486","[6]","0.014724524356264722","0.06884186377527293","-0.03939281506274349","0.05080275063560353","-0.021353701923074085","0.032763637495934125","-0.0033145887834046817","6"
"9","A剤タンク1圧力(Mpa)","2026-04-16","0.04755","[6]","0.014724524356264722","0.06884186377527293","-0.03939281506274349","0.05080275063560353","-0.021353701923074085","0.032763637495934125","-0.0033145887834046817","6"
"9","A剤タンク1圧力(Mpa)","2026-04-17","0.0033000000000000013","[6]","0.014724524356264722","0.06884186377527293","-0.03939281506274349","0.05080275063560353","-0.021353701923074085","0.032763637495934125","-0.0033145887834046817","6"
"13","A剤タンク1圧力(Mpa)","2026-04-15","0.0316","[2]","0.018212294461368538","0.07450031076658173","-0.03807572184384466","0.055737638664844005","-0.01931304974210693","0.03697496656310627","-0.0005503776403691964","2"
"13","A剤タンク1圧力(Mpa)","2026-04-16","0.047","[2]","0.018212294461368538","0.07450031076658173","-0.03807572184384466","0.055737638664844005","-0.01931304974210693","0.03697496656310627","-0.0005503776403691964","2"
"14","A剤タンク1圧力(Mpa)","2026-04-15","0.0474","[1, 5, 6, 8]","0.012432363882729738","0.025029091391737947","-0.00016436362627847076","0.020830182222068547","0.004034545543390932","0.016631273052399143","0.008233454713060334","1,5,6,8"
"14","A剤タンク1圧力(Mpa)","2026-04-16","0.0474","[1, 5, 6, 8]","0.012432363882729738","0.025029091391737947","-0.00016436362627847076","0.020830182222068547","0.004034545543390932","0.016631273052399143","0.008233454713060334","1,5,6,8"
"14","A剤タンク1圧力(Mpa)","2026-04-17","-0.018","[1, 5, 6, 8]","0.012432363882729738","0.025029091391737947","-0.00016436362627847076","0.020830182222068547","0.004034545543390932","0.016631273052399143","0.008233454713060334","1,5,6,8"
"14","A剤タンク1圧力(Mpa)","2026-04-20","-0.02405","[1, 5, 6, 8]","0.012432363882729738","0.025029091391737947","-0.00016436362627847076","0.020830182222068547","0.004034545543390932","0.016631273052399143","0.008233454713060334","1,5,6,8"
"2","A剤タンク2圧力(Mpa)","2026-04-15","-0.012352941176470587","[6, 8, 5]","0.011541992002380165","0.06380478110727451","-0.04072079710251418","0.046383851405643065","-0.02329986740088273","0.028962921704011615","-0.005878937699251284","6,8,5"
"2","A剤タンク2圧力(Mpa)","2026-04-16","-0.02676923076923077","[5, 6, 8]","0.011541992002380165","0.06380478110727451","-0.04072079710251418","0.046383851405643065","-0.02329986740088273","0.028962921704011615","-0.005878937699251284","5,6,8"
"2","A剤タンク2圧力(Mpa)","2026-04-17","0.04042105263157895","[6, 8]","0.011541992002380165","0.06380478110727451","-0.04072079710251418","0.046383851405643065","-0.02329986740088273","0.028962921704011615","-0.005878937699251284","6,8"
"2","A剤タンク2圧力(Mpa)","2026-04-20","0.042083333333333334","[6, 8]","0.011541992002380165","0.06380478110727451","-0.04072079710251418","0.046383851405643065","-0.02329986740088273","0.028962921704011615","-0.005878937699251284","6,8"
"2","A剤タンク2圧力(Mpa)","2026-04-21","0.0416","[6, 8]","0.011541992002380165","0.06380478110727451","-0.04072079710251418","0.046383851405643065","-0.02329986740088273","0.028962921704011615","-0.005878937699251284","6,8"
"9","A剤タンク2圧力(Mpa)","2026-04-15","-0.005225806451612903","[6]","0.016656768815258533","0.07197460269535173","-0.03866106506483466","0.05353532473532066","-0.020221787104803598","0.0350960467752896","-0.0017825091447725323","6"
"9","A剤タンク2圧力(Mpa)","2026-04-16","-0.01265","[6]","0.016656768815258533","0.07197460269535173","-0.03866106506483466","0.05353532473532066","-0.020221787104803598","0.0350960467752896","-0.0017825091447725323","6"
"9","A剤タンク2圧力(Mpa)","2026-04-17","0.049","[6]","0.016656768815258533","0.07197460269535173","-0.03866106506483466","0.05353532473532066","-0.020221787104803598","0.0350960467752896","-0.0017825091447725323","6"
"9","A剤タンク2圧力(Mpa)","2026-04-20","0.025040816326530616","[6]","0.016656768815258533","0.07197460269535173","-0.03866106506483466","0.05353532473532066","-0.020221787104803598","0.0350960467752896","-0.0017825091447725323","6"
"9","A剤タンク2圧力(Mpa)","2026-04-21","0.043366666666666664","[6]","0.016656768815258533","0.07197460269535173","-0.03866106506483466","0.05353532473532066","-0.020221787104803598","0.0350960467752896","-0.0017825091447725323","6"
"14","A剤タンク2圧力(Mpa)","2026-04-15","-0.03","[1, 5, 6, 8]","0.016915644680390016","0.030457495941539528","0.003373793419240505","0.025943545521156356","0.007887743839623675","0.021429595100773184","0.012401694260006845","1,5,6,8"
"14","A剤タンク2圧力(Mpa)","2026-04-16","0.0162","[5, 6]","0.016915644680390016","0.030457495941539528","0.003373793419240505","0.025943545521156356","0.007887743839623675","0.021429595100773184","0.012401694260006845","5,6"
"14","A剤タンク2圧力(Mpa)","2026-04-17","0.049","[1, 5, 6]","0.016915644680390016","0.030457495941539528","0.003373793419240505","0.025943545521156356","0.007887743839623675","0.021429595100773184","0.012401694260006845","1,5,6"
"14","A剤タンク2圧力(Mpa)","2026-04-20","0.0429","[1, 5, 6]","0.016915644680390016","0.030457495941539528","0.003373793419240505","0.025943545521156356","0.007887743839623675","0.021429595100773184","0.012401694260006845","1,5,6"
"1","B剤タンク1圧力(Mpa)","2026-04-15","0.018320247933884294","[7, 3]","0.005765960729135861","0.13725248354959696","-0.12572056209132526","0.09342364260944327","-0.08189172115117155","0.04959480166928957","-0.03806288021101784","7,3"
"1","B剤タンク1圧力(Mpa)","2026-04-16","0.007061181434599156","[7, 3]","0.005765960729135861","0.13725248354959696","-0.12572056209132526","0.09342364260944327","-0.08189172115117155","0.04959480166928957","-0.03806288021101784","7,3"
"1","B剤タンク1圧力(Mpa)","2026-04-17","0.006974413646055436","[7, 3]","0.005765960729135861","0.13725248354959696","-0.12572056209132526","0.09342364260944327","-0.08189172115117155","0.04959480166928957","-0.03806288021101784","7,3"
"1","B剤タンク1圧力(Mpa)","2026-04-20","-0.013821359223300972","[7, 3]","0.005765960729135861","0.13725248354959696","-0.12572056209132526","0.09342364260944327","-0.08189172115117155","0.04959480166928957","-0.03806288021101784","7,3"
"1","B剤タンク1圧力(Mpa)","2026-04-21","-0.018055813953488372","[3, 7]","0.005765960729135861","0.13725248354959696","-0.12572056209132526","0.09342364260944327","-0.08189172115117155","0.04959480166928957","-0.03806288021101784","3,7"
"2","B剤タンク1圧力(Mpa)","2026-04-15","0.04535294117647059","[6]","0.003782910576812792","0.10968706034061168","-0.1021212391869861","0.07438567708601206","-0.06681985593238647","0.039084293831412424","-0.03151847267778684","6"
"6","B剤タンク1圧力(Mpa)","2026-04-15","0.04567692307692307","[7]","0.00796401302827029","0.1300170491825974","-0.11408902312605683","0.08933270379782171","-0.07340467774128112","0.048648358413045996","-0.03272033235650542","7"
"6","B剤タンク1圧力(Mpa)","2026-04-16","0.010607142857142857","[7]","0.00796401302827029","0.1300170491825974","-0.11408902312605683","0.08933270379782171","-0.07340467774128112","0.048648358413045996","-0.03272033235650542","7"
"6","B剤タンク1圧力(Mpa)","2026-04-17","0.007244444444444443","[7]","0.00796401302827029","0.1300170491825974","-0.11408902312605683","0.08933270379782171","-0.07340467774128112","0.048648358413045996","-0.03272033235650542","7"
"6","B剤タンク1圧力(Mpa)","2026-04-20","-0.023","[7]","0.00796401302827029","0.1300170491825974","-0.11408902312605683","0.08933270379782171","-0.07340467774128112","0.048648358413045996","-0.03272033235650542","7"
"6","B剤タンク1圧力(Mpa)","2026-04-21","-0.014376237623762379","[7]","0.00796401302827029","0.1300170491825974","-0.11408902312605683","0.08933270379782171","-0.07340467774128112","0.048648358413045996","-0.03272033235650542","7"
"10","B剤タンク1圧力(Mpa)","2026-04-15","0.04577777777777778","[7]","0.007428038658757207","0.1365057530249941","-0.12164967570747967","0.09347984823624847","-0.07862377091873404","0.050453943447502834","-0.03559786612998842","7"
"13","B剤タンク1圧力(Mpa)","2026-04-15","0.045599999999999995","[6]","0.008467424687795056","0.11548630943668839","-0.09855146006109827","0.07981334785372395","-0.06287849847813383","0.0441403862707595","-0.027205536895169385","6"
"13","B剤タンク1圧力(Mpa)","2026-04-16","0.046799999999999994","[6]","0.008467424687795056","0.11548630943668839","-0.09855146006109827","0.07981334785372395","-0.06287849847813383","0.0441403862707595","-0.027205536895169385","6"
"13","B剤タンク1圧力(Mpa)","2026-04-17","-0.013250000000000001","[6]","0.008467424687795056","0.11548630943668839","-0.09855146006109827","0.07981334785372395","-0.06287849847813383","0.0441403862707595","-0.027205536895169385","6"
"14","B剤タンク1圧力(Mpa)","2026-04-15","0.045","[1, 5, 6, 8]","-0.0014014325791908303","0.0335090760155283","-0.036311941173909956","0.02187223981728859","-0.024675104975670253","0.01023540361904888","-0.01303826877743054","1,5,6,8"
"14","B剤タンク1圧力(Mpa)","2026-04-16","0.0474","[1, 5, 6, 8]","-0.0014014325791908303","0.0335090760155283","-0.036311941173909956","0.02187223981728859","-0.024675104975670253","0.01023540361904888","-0.01303826877743054","1,5,6,8"
"14","B剤タンク1圧力(Mpa)","2026-04-17","0.047","[1, 5, 6, 8]","-0.0014014325791908303","0.0335090760155283","-0.036311941173909956","0.02187223981728859","-0.024675104975670253","0.01023540361904888","-0.01303826877743054","1,5,6,8"
"14","B剤タンク1圧力(Mpa)","2026-04-20","-0.08280000000000001","[1, 5, 6, 8]","-0.0014014325791908303","0.0335090760155283","-0.036311941173909956","0.02187223981728859","-0.024675104975670253","0.01023540361904888","-0.01303826877743054","1,5,6,8"
"2","B剤タンク2圧力(Mpa)","2026-04-15","0.002882352941176471","[6]","0.007251243098811313","0.11586863241795503","-0.10136614622033241","0.07966283597824046","-0.06516034978061784","0.043457039538525886","-0.02895455334090326","6"
"2","B剤タンク2圧力(Mpa)","2026-04-16","0.04730769230769231","[6]","0.007251243098811313","0.11586863241795503","-0.10136614622033241","0.07966283597824046","-0.06516034978061784","0.043457039538525886","-0.02895455334090326","6"
"2","B剤タンク2圧力(Mpa)","2026-04-17","-0.056052631578947375","[6]","0.007251243098811313","0.11586863241795503","-0.10136614622033241","0.07966283597824046","-0.06516034978061784","0.043457039538525886","-0.02895455334090326","6"
"2","B剤タンク2圧力(Mpa)","2026-04-20","0.04408333333333333","[6]","0.007251243098811313","0.11586863241795503","-0.10136614622033241","0.07966283597824046","-0.06516034978061784","0.043457039538525886","-0.02895455334090326","6"
"2","B剤タンク2圧力(Mpa)","2026-04-21","0.04796666666666667","[6]","0.007251243098811313","0.11586863241795503","-0.10136614622033241","0.07966283597824046","-0.06516034978061784","0.043457039538525886","-0.02895455334090326","6"
"7","B剤タンク2圧力(Mpa)","2026-04-15","0.01181967213114754","[7]","0.013586214981010071","0.14502592536808886","-0.11785349540606874","0.10121268857239593","-0.0740402586103758","0.057399451776703005","-0.030227021814682863","7"
"7","B剤タンク2圧力(Mpa)","2026-04-16","0.0195","[7]","0.013586214981010071","0.14502592536808886","-0.11785349540606874","0.10121268857239593","-0.0740402586103758","0.057399451776703005","-0.030227021814682863","7"
"7","B剤タンク2圧力(Mpa)","2026-04-17","0.004083333333333332","[7]","0.013586214981010071","0.14502592536808886","-0.11785349540606874","0.10121268857239593","-0.0740402586103758","0.057399451776703005","-0.030227021814682863","7"
"7","B剤タンク2圧力(Mpa)","2026-04-20","0.0014081632653061198","[7]","0.013586214981010071","0.14502592536808886","-0.11785349540606874","0.10121268857239593","-0.0740402586103758","0.057399451776703005","-0.030227021814682863","7"
"7","B剤タンク2圧力(Mpa)","2026-04-21","0.04316455696202532","[7]","0.013586214981010071","0.14502592536808886","-0.11785349540606874","0.10121268857239593","-0.0740402586103758","0.057399451776703005","-0.030227021814682863","7"
"8","B剤タンク2圧力(Mpa)","2026-04-15","0.0027333333333333324","[7]","0.013068204649365903","0.1397851909134758","-0.113648781614744","0.09754619549210584","-0.07140978619337403","0.05530720007073587","-0.029170790772004067","7"
"8","B剤タンク2圧力(Mpa)","2026-04-16","0.019655555555555558","[7]","0.013068204649365903","0.1397851909134758","-0.113648781614744","0.09754619549210584","-0.07140978619337403","0.05530720007073587","-0.029170790772004067","7"
"8","B剤タンク2圧力(Mpa)","2026-04-17","-0.0012403846153846165","[7]","0.013068204649365903","0.1397851909134758","-0.113648781614744","0.09754619549210584","-0.07140978619337403","0.05530720007073587","-0.029170790772004067","7"
"8","B剤タンク2圧力(Mpa)","2026-04-20","0.02228448275862069","[7]","0.013068204649365903","0.1397851909134758","-0.113648781614744","0.09754619549210584","-0.07140978619337403","0.05530720007073587","-0.029170790772004067","7"
"8","B剤タンク2圧力(Mpa)","2026-04-21","0.04809473684210526","[7]","0.013068204649365903","0.1397851909134758","-0.113648781614744","0.09754619549210584","-0.07140978619337403","0.05530720007073587","-0.029170790772004067","7"
"14","B剤タンク2圧力(Mpa)","2026-04-15","-0.024","[1, 5, 6, 8]","0.014221425714409933","0.04486410986586602","-0.01642125843704615","0.03464988181538066","-0.006207030386560789","0.024435653764895295","0.004007197663924572","1,5,6,8"
"14","B剤タンク2圧力(Mpa)","2026-04-16","0.0482","[1, 5, 6, 8]","0.014221425714409933","0.04486410986586602","-0.01642125843704615","0.03464988181538066","-0.006207030386560789","0.024435653764895295","0.004007197663924572","1,5,6,8"
"14","B剤タンク2圧力(Mpa)","2026-04-17","-0.084","[1, 5, 6, 8]","0.014221425714409933","0.04486410986586602","-0.01642125843704615","0.03464988181538066","-0.006207030386560789","0.024435653764895295","0.004007197663924572","1,5,6,8"
"14","B剤タンク2圧力(Mpa)","2026-04-20","0.044","[5, 6, 8]","0.014221425714409933","0.04486410986586602","-0.01642125843704615","0.03464988181538066","-0.006207030386560789","0.024435653764895295","0.004007197663924572","5,6,8"
"2","A剤配合比速度(Hz)","2026-04-15","50.8","[1, 2, 5, 6, 8]","50.800000000000004","50.800000000000004","50.800000000000004","50.800000000000004","50.800000000000004","50.800000000000004","50.800000000000004","1,2,5,6,8"
"2","A剤配合比速度(Hz)","2026-04-16","50.8","[1, 2, 5, 6, 8]","50.800000000000004","50.800000000000004","50.800000000000004","50.800000000000004","50.800000000000004","50.800000000000004","50.800000000000004","1,2,5,6,8"
"2","A剤配合比速度(Hz)","2026-04-17","50.8","[1, 2, 5, 6, 8]","50.800000000000004","50.800000000000004","50.800000000000004","50.800000000000004","50.800000000000004","50.800000000000004","50.800000000000004","1,2,5,6,8"
"2","A剤配合比速度(Hz)","2026-04-20","50.79999999999999","[1, 2, 5, 6, 8]","50.800000000000004","50.800000000000004","50.800000000000004","50.800000000000004","50.800000000000004","50.800000000000004","50.800000000000004","1,2,5,6,8"
"2","A剤配合比速度(Hz)","2026-04-21","50.8","[1, 2, 5, 6, 8]","50.800000000000004","50.800000000000004","50.800000000000004","50.800000000000004","50.800000000000004","50.800000000000004","50.800000000000004","1,2,5,6,8"
"6","A剤配合比速度(Hz)","2026-04-15","50.8","[1, 2, 5, 6, 8]","50.79999999999999","50.79999999999999","50.79999999999999","50.79999999999999","50.79999999999999","50.79999999999999","50.79999999999999","1,2,5,6,8"
"6","A剤配合比速度(Hz)","2026-04-16","50.8","[1, 2, 5, 6, 8]","50.79999999999999","50.79999999999999","50.79999999999999","50.79999999999999","50.79999999999999","50.79999999999999","50.79999999999999","1,2,5,6,8"
"6","A剤配合比速度(Hz)","2026-04-17","50.8","[1, 2, 5, 6, 8]","50.79999999999999","50.79999999999999","50.79999999999999","50.79999999999999","50.79999999999999","50.79999999999999","50.79999999999999","1,2,5,6,8"
"6","A剤配合比速度(Hz)","2026-04-20","50.8","[1, 2, 5, 6, 8]","50.79999999999999","50.79999999999999","50.79999999999999","50.79999999999999","50.79999999999999","50.79999999999999","50.79999999999999","1,2,5,6,8"
"6","A剤配合比速度(Hz)","2026-04-21","50.79999999999999","[5, 6]","50.79999999999999","50.79999999999999","50.79999999999999","50.79999999999999","50.79999999999999","50.79999999999999","50.79999999999999","5,6"
"7","A剤配合比速度(Hz)","2026-04-15","50.8","[1, 2, 5, 6, 8]","50.80000000000001","50.80000000000001","50.80000000000001","50.80000000000001","50.80000000000001","50.80000000000001","50.80000000000001","1,2,5,6,8"
"7","A剤配合比速度(Hz)","2026-04-16","50.8","[1, 2, 5, 6, 8]","50.80000000000001","50.80000000000001","50.80000000000001","50.80000000000001","50.80000000000001","50.80000000000001","50.80000000000001","1,2,5,6,8"
"7","A剤配合比速度(Hz)","2026-04-17","50.8","[1, 2, 5, 6, 8]","50.80000000000001","50.80000000000001","50.80000000000001","50.80000000000001","50.80000000000001","50.80000000000001","50.80000000000001","1,2,5,6,8"
"7","A剤配合比速度(Hz)","2026-04-20","50.8","[1, 2, 5, 6, 8]","50.80000000000001","50.80000000000001","50.80000000000001","50.80000000000001","50.80000000000001","50.80000000000001","50.80000000000001","1,2,5,6,8"
"7","A剤配合比速度(Hz)","2026-04-21","50.8","[1, 2, 5, 6, 8]","50.80000000000001","50.80000000000001","50.80000000000001","50.80000000000001","50.80000000000001","50.80000000000001","50.80000000000001","1,2,5,6,8"
"8","A剤配合比速度(Hz)","2026-04-15","50.8","[1, 2, 5, 6, 8]","50.80000000000001","50.80000000000001","50.80000000000001","50.80000000000001","50.80000000000001","50.80000000000001","50.80000000000001","1,2,5,6,8"
"8","A剤配合比速度(Hz)","2026-04-16","50.8","[1, 2, 5, 6, 8]","50.80000000000001","50.80000000000001","50.80000000000001","50.80000000000001","50.80000000000001","50.80000000000001","50.80000000000001","1,2,5,6,8"
"8","A剤配合比速度(Hz)","2026-04-17","50.8","[1, 2, 5, 6, 8]","50.80000000000001","50.80000000000001","50.80000000000001","50.80000000000001","50.80000000000001","50.80000000000001","50.80000000000001","1,2,5,6,8"
"8","A剤配合比速度(Hz)","2026-04-20","50.8","[1, 2, 5, 6, 8]","50.80000000000001","50.80000000000001","50.80000000000001","50.80000000000001","50.80000000000001","50.80000000000001","50.80000000000001","1,2,5,6,8"
"8","A剤配合比速度(Hz)","2026-04-21","50.8","[1, 2, 5, 6, 8]","50.80000000000001","50.80000000000001","50.80000000000001","50.80000000000001","50.80000000000001","50.80000000000001","50.80000000000001","1,2,5,6,8"
"9","A剤配合比速度(Hz)","2026-04-15","50.8","[1, 2, 5, 6, 8]","50.800000000000004","50.800000000000004","50.800000000000004","50.800000000000004","50.800000000000004","50.800000000000004","50.800000000000004","1,2,5,6,8"
"9","A剤配合比速度(Hz)","2026-04-16","50.8","[1, 2, 5, 6, 8]","50.800000000000004","50.800000000000004","50.800000000000004","50.800000000000004","50.800000000000004","50.800000000000004","50.800000000000004","1,2,5,6,8"
"9","A剤配合比速度(Hz)","2026-04-17","50.8","[1, 2, 5, 6, 8]","50.800000000000004","50.800000000000004","50.800000000000004","50.800000000000004","50.800000000000004","50.800000000000004","50.800000000000004","1,2,5,6,8"
"9","A剤配合比速度(Hz)","2026-04-20","50.8","[1, 2, 5, 6, 8]","50.800000000000004","50.800000000000004","50.800000000000004","50.800000000000004","50.800000000000004","50.800000000000004","50.800000000000004","1,2,5,6,8"
"9","A剤配合比速度(Hz)","2026-04-21","50.8","[1, 2, 5, 6, 8]","50.800000000000004","50.800000000000004","50.800000000000004","50.800000000000004","50.800000000000004","50.800000000000004","50.800000000000004","1,2,5,6,8"
"10","A剤配合比速度(Hz)","2026-04-15","50.8","[1, 2, 5, 6, 8]","50.800000000000004","50.800000000000004","50.800000000000004","50.800000000000004","50.800000000000004","50.800000000000004","50.800000000000004","1,2,5,6,8"
"10","A剤配合比速度(Hz)","2026-04-16","50.79999999999999","[1, 2, 5, 6, 8]","50.800000000000004","50.800000000000004","50.800000000000004","50.800000000000004","50.800000000000004","50.800000000000004","50.800000000000004","1,2,5,6,8"
"10","A剤配合比速度(Hz)","2026-04-17","50.8","[1, 2, 5, 6, 8]","50.800000000000004","50.800000000000004","50.800000000000004","50.800000000000004","50.800000000000004","50.800000000000004","50.800000000000004","1,2,5,6,8"
"10","A剤配合比速度(Hz)","2026-04-20","50.8","[1, 2, 5, 6, 8]","50.800000000000004","50.800000000000004","50.800000000000004","50.800000000000004","50.800000000000004","50.800000000000004","50.800000000000004","1,2,5,6,8"
"10","A剤配合比速度(Hz)","2026-04-21","50.79999999999999","[1, 2, 5, 6, 8]","50.800000000000004","50.800000000000004","50.800000000000004","50.800000000000004","50.800000000000004","50.800000000000004","50.800000000000004","1,2,5,6,8"
"13","A剤配合比速度(Hz)","2026-04-15","50.8","[1, 2, 5, 6, 8]","50.800000000000004","50.800000000000004","50.800000000000004","50.800000000000004","50.800000000000004","50.800000000000004","50.800000000000004","1,2,5,6,8"
"13","A剤配合比速度(Hz)","2026-04-16","50.8","[1, 2, 5, 6, 8]","50.800000000000004","50.800000000000004","50.800000000000004","50.800000000000004","50.800000000000004","50.800000000000004","50.800000000000004","1,2,5,6,8"
"13","A剤配合比速度(Hz)","2026-04-17","50.8","[1, 2, 5, 6, 8]","50.800000000000004","50.800000000000004","50.800000000000004","50.800000000000004","50.800000000000004","50.800000000000004","50.800000000000004","1,2,5,6,8"
"13","A剤配合比速度(Hz)","2026-04-20","50.8","[1, 2, 5, 6, 8]","50.800000000000004","50.800000000000004","50.800000000000004","50.800000000000004","50.800000000000004","50.800000000000004","50.800000000000004","1,2,5,6,8"
"13","A剤配合比速度(Hz)","2026-04-21","50.8","[1, 2, 5, 6, 8]","50.800000000000004","50.800000000000004","50.800000000000004","50.800000000000004","50.800000000000004","50.800000000000004","50.800000000000004","1,2,5,6,8"
"14","A剤配合比速度(Hz)","2026-04-15","50.8","[1, 2, 5, 6, 8]","50.80000000000001","50.80000000000001","50.80000000000001","50.80000000000001","50.80000000000001","50.80000000000001","50.80000000000001","1,2,5,6,8"
"14","A剤配合比速度(Hz)","2026-04-16","50.8","[1, 2, 5, 6, 8]","50.80000000000001","50.80000000000001","50.80000000000001","50.80000000000001","50.80000000000001","50.80000000000001","50.80000000000001","1,2,5,6,8"
"14","A剤配合比速度(Hz)","2026-04-17","50.8","[1, 2, 5, 6, 8]","50.80000000000001","50.80000000000001","50.80000000000001","50.80000000000001","50.80000000000001","50.80000000000001","50.80000000000001","1,2,5,6,8"
"14","A剤配合比速度(Hz)","2026-04-20","50.8","[1, 2, 5, 6, 8]","50.80000000000001","50.80000000000001","50.80000000000001","50.80000000000001","50.80000000000001","50.80000000000001","50.80000000000001","1,2,5,6,8"
"1","B剤配合比速度(Hz)","2026-04-15","60.0","[7]","60.0","60.0","60.0","60.0","60.0","60.0","60.0","7"
"1","B剤配合比速度(Hz)","2026-04-16","60.0","[7]","60.0","60.0","60.0","60.0","60.0","60.0","60.0","7"
"1","B剤配合比速度(Hz)","2026-04-17","60.0","[7]","60.0","60.0","60.0","60.0","60.0","60.0","60.0","7"
"1","B剤配合比速度(Hz)","2026-04-20","60.0","[7]","60.0","60.0","60.0","60.0","60.0","60.0","60.0","7"
"1","B剤配合比速度(Hz)","2026-04-21","60.0","[7]","60.0","60.0","60.0","60.0","60.0","60.0","60.0","7"
"2","B剤配合比速度(Hz)","2026-04-15","60.0","[7]","60.0","60.0","60.0","60.0","60.0","60.0","60.0","7"
"2","B剤配合比速度(Hz)","2026-04-16","60.0","[7]","60.0","60.0","60.0","60.0","60.0","60.0","60.0","7"
"2","B剤配合比速度(Hz)","2026-04-17","60.0","[7]","60.0","60.0","60.0","60.0","60.0","60.0","60.0","7"
"2","B剤配合比速度(Hz)","2026-04-20","60.0","[7]","60.0","60.0","60.0","60.0","60.0","60.0","60.0","7"
"2","B剤配合比速度(Hz)","2026-04-21","60.0","[7]","60.0","60.0","60.0","60.0","60.0","60.0","60.0","7"
"6","B剤配合比速度(Hz)","2026-04-15","60.0","[7]","60.0","60.0","60.0","60.0","60.0","60.0","60.0","7"
"6","B剤配合比速度(Hz)","2026-04-16","60.0","[7]","60.0","60.0","60.0","60.0","60.0","60.0","60.0","7"
"6","B剤配合比速度(Hz)","2026-04-17","60.0","[7]","60.0","60.0","60.0","60.0","60.0","60.0","60.0","7"
"6","B剤配合比速度(Hz)","2026-04-20","60.0","[7]","60.0","60.0","60.0","60.0","60.0","60.0","60.0","7"
"6","B剤配合比速度(Hz)","2026-04-21","60.0","[7]","60.0","60.0","60.0","60.0","60.0","60.0","60.0","7"
"7","B剤配合比速度(Hz)","2026-04-15","60.0","[7]","60.0","60.0","60.0","60.0","60.0","60.0","60.0","7"
"7","B剤配合比速度(Hz)","2026-04-16","60.0","[7]","60.0","60.0","60.0","60.0","60.0","60.0","60.0","7"
"7","B剤配合比速度(Hz)","2026-04-17","60.0","[7]","60.0","60.0","60.0","60.0","60.0","60.0","60.0","7"
"7","B剤配合比速度(Hz)","2026-04-20","60.0","[7]","60.0","60.0","60.0","60.0","60.0","60.0","60.0","7"
"7","B剤配合比速度(Hz)","2026-04-21","60.0","[7]","60.0","60.0","60.0","60.0","60.0","60.0","60.0","7"
"8","B剤配合比速度(Hz)","2026-04-15","60.0","[7]","60.0","60.0","60.0","60.0","60.0","60.0","60.0","7"
"8","B剤配合比速度(Hz)","2026-04-16","60.0","[7]","60.0","60.0","60.0","60.0","60.0","60.0","60.0","7"
"8","B剤配合比速度(Hz)","2026-04-17","60.0","[7]","60.0","60.0","60.0","60.0","60.0","60.0","60.0","7"
"8","B剤配合比速度(Hz)","2026-04-20","60.0","[7]","60.0","60.0","60.0","60.0","60.0","60.0","60.0","7"
"8","B剤配合比速度(Hz)","2026-04-21","60.0","[7]","60.0","60.0","60.0","60.0","60.0","60.0","60.0","7"
"9","B剤配合比速度(Hz)","2026-04-15","60.0","[7]","60.0","60.0","60.0","60.0","60.0","60.0","60.0","7"
"9","B剤配合比速度(Hz)","2026-04-16","60.0","[7]","60.0","60.0","60.0","60.0","60.0","60.0","60.0","7"
"9","B剤配合比速度(Hz)","2026-04-17","60.0","[7]","60.0","60.0","60.0","60.0","60.0","60.0","60.0","7"
"9","B剤配合比速度(Hz)","2026-04-20","60.0","[7]","60.0","60.0","60.0","60.0","60.0","60.0","60.0","7"
"9","B剤配合比速度(Hz)","2026-04-21","60.0","[7]","60.0","60.0","60.0","60.0","60.0","60.0","60.0","7"
"10","B剤配合比速度(Hz)","2026-04-15","60.0","[7]","60.0","60.0","60.0","60.0","60.0","60.0","60.0","7"
"10","B剤配合比速度(Hz)","2026-04-16","60.0","[7]","60.0","60.0","60.0","60.0","60.0","60.0","60.0","7"
"10","B剤配合比速度(Hz)","2026-04-17","60.0","[7]","60.0","60.0","60.0","60.0","60.0","60.0","60.0","7"
"10","B剤配合比速度(Hz)","2026-04-20","60.0","[7]","60.0","60.0","60.0","60.0","60.0","60.0","60.0","7"
"10","B剤配合比速度(Hz)","2026-04-21","60.0","[7]","60.0","60.0","60.0","60.0","60.0","60.0","60.0","7"
"13","B剤配合比速度(Hz)","2026-04-15","60.0","[7]","60.0","60.0","60.0","60.0","60.0","60.0","60.0","7"
"13","B剤配合比速度(Hz)","2026-04-16","60.0","[7]","60.0","60.0","60.0","60.0","60.0","60.0","60.0","7"
"13","B剤配合比速度(Hz)","2026-04-17","60.0","[7]","60.0","60.0","60.0","60.0","60.0","60.0","60.0","7"
"13","B剤配合比速度(Hz)","2026-04-20","60.0","[7]","60.0","60.0","60.0","60.0","60.0","60.0","60.0","7"
"13","B剤配合比速度(Hz)","2026-04-21","60.0","[7]","60.0","60.0","60.0","60.0","60.0","60.0","60.0","7"
"14","B剤配合比速度(Hz)","2026-04-15","60.0","[7]","60.0","60.0","60.0","60.0","60.0","60.0","60.0","7"
"14","B剤配合比速度(Hz)","2026-04-16","60.0","[7]","60.0","60.0","60.0","60.0","60.0","60.0","60.0","7"
"14","B剤配合比速度(Hz)","2026-04-17","60.0","[7]","60.0","60.0","60.0","60.0","60.0","60.0","60.0","7"
"14","B剤配合比速度(Hz)","2026-04-20","60.0","[7]","60.0","60.0","60.0","60.0","60.0","60.0","60.0","7"
"1","生産総合流速(％)","2026-04-15","70.3","[1, 2, 5, 6, 8]","70.29999999999998","70.29999999999998","70.29999999999998","70.29999999999998","70.29999999999998","70.29999999999998","70.29999999999998","1,2,5,6,8"
"1","生産総合流速(％)","2026-04-16","70.3","[1, 2, 5, 6, 8]","70.29999999999998","70.29999999999998","70.29999999999998","70.29999999999998","70.29999999999998","70.29999999999998","70.29999999999998","1,2,5,6,8"
"1","生産総合流速(％)","2026-04-17","70.3","[1, 2, 5, 6, 8]","70.29999999999998","70.29999999999998","70.29999999999998","70.29999999999998","70.29999999999998","70.29999999999998","70.29999999999998","1,2,5,6,8"
"1","生産総合流速(％)","2026-04-20","70.3","[1, 2, 5, 6, 8]","70.29999999999998","70.29999999999998","70.29999999999998","70.29999999999998","70.29999999999998","70.29999999999998","70.29999999999998","1,2,5,6,8"
"1","生産総合流速(％)","2026-04-21","70.3","[1, 2, 5, 6, 8]","70.29999999999998","70.29999999999998","70.29999999999998","70.29999999999998","70.29999999999998","70.29999999999998","70.29999999999998","1,2,5,6,8"
"2","生産総合流速(％)","2026-04-15","70.3","[7]","70.3","70.3","70.3","70.3","70.3","70.3","70.3","7"
"2","生産総合流速(％)","2026-04-16","70.3","[7]","70.3","70.3","70.3","70.3","70.3","70.3","70.3","7"
"2","生産総合流速(％)","2026-04-17","70.3","[7]","70.3","70.3","70.3","70.3","70.3","70.3","70.3","7"
"2","生産総合流速(％)","2026-04-20","70.3","[7]","70.3","70.3","70.3","70.3","70.3","70.3","70.3","7"
"2","生産総合流速(％)","2026-04-21","70.3","[7]","70.3","70.3","70.3","70.3","70.3","70.3","70.3","7"
"6","生産総合流速(％)","2026-04-15","62.0","[7]","62.0","62.0","62.0","62.0","62.0","62.0","62.0","7"
"6","生産総合流速(％)","2026-04-16","62.0","[7]","62.0","62.0","62.0","62.0","62.0","62.0","62.0","7"
"6","生産総合流速(％)","2026-04-17","62.0","[7]","62.0","62.0","62.0","62.0","62.0","62.0","62.0","7"
"6","生産総合流速(％)","2026-04-20","62.0","[7]","62.0","62.0","62.0","62.0","62.0","62.0","62.0","7"
"6","生産総合流速(％)","2026-04-21","62.0","[7]","62.0","62.0","62.0","62.0","62.0","62.0","62.0","7"
"7","生産総合流速(％)","2026-04-15","70.3","[7]","70.3","70.3","70.3","70.3","70.3","70.3","70.3","7"
"7","生産総合流速(％)","2026-04-16","70.3","[7]","70.3","70.3","70.3","70.3","70.3","70.3","70.3","7"
"7","生産総合流速(％)","2026-04-17","70.3","[7]","70.3","70.3","70.3","70.3","70.3","70.3","70.3","7"
"7","生産総合流速(％)","2026-04-20","70.3","[7]","70.3","70.3","70.3","70.3","70.3","70.3","70.3","7"
"7","生産総合流速(％)","2026-04-21","70.3","[7]","70.3","70.3","70.3","70.3","70.3","70.3","70.3","7"
"8","生産総合流速(％)","2026-04-15","70.9","[1, 2, 5, 6, 8]","70.89999999999996","70.89999999999996","70.89999999999996","70.89999999999996","70.89999999999996","70.89999999999996","70.89999999999996","1,2,5,6,8"
"8","生産総合流速(％)","2026-04-16","70.9","[1, 2, 5, 6, 8]","70.89999999999996","70.89999999999996","70.89999999999996","70.89999999999996","70.89999999999996","70.89999999999996","70.89999999999996","1,2,5,6,8"
"8","生産総合流速(％)","2026-04-17","70.9","[1, 2, 5, 6, 8]","70.89999999999996","70.89999999999996","70.89999999999996","70.89999999999996","70.89999999999996","70.89999999999996","70.89999999999996","1,2,5,6,8"
"8","生産総合流速(％)","2026-04-20","70.9","[1, 2, 5, 6, 8]","70.89999999999996","70.89999999999996","70.89999999999996","70.89999999999996","70.89999999999996","70.89999999999996","70.89999999999996","1,2,5,6,8"
"8","生産総合流速(％)","2026-04-21","70.9","[1, 2, 5, 6, 8]","70.89999999999996","70.89999999999996","70.89999999999996","70.89999999999996","70.89999999999996","70.89999999999996","70.89999999999996","1,2,5,6,8"
"9","生産総合流速(％)","2026-04-15","70.3","[7]","70.3","70.3","70.3","70.3","70.3","70.3","70.3","7"
"9","生産総合流速(％)","2026-04-16","70.3","[7]","70.3","70.3","70.3","70.3","70.3","70.3","70.3","7"
"9","生産総合流速(％)","2026-04-17","70.3","[7]","70.3","70.3","70.3","70.3","70.3","70.3","70.3","7"
"9","生産総合流速(％)","2026-04-20","70.3","[7]","70.3","70.3","70.3","70.3","70.3","70.3","70.3","7"
"9","生産総合流速(％)","2026-04-21","70.3","[7]","70.3","70.3","70.3","70.3","70.3","70.3","70.3","7"
"10","生産総合流速(％)","2026-04-15","62.0","[7]","62.0","62.0","62.0","62.0","62.0","62.0","62.0","7"
"10","生産総合流速(％)","2026-04-16","62.0","[7]","62.0","62.0","62.0","62.0","62.0","62.0","62.0","7"
"10","生産総合流速(％)","2026-04-17","62.0","[7]","62.0","62.0","62.0","62.0","62.0","62.0","62.0","7"
"10","生産総合流速(％)","2026-04-20","62.0","[7]","62.0","62.0","62.0","62.0","62.0","62.0","62.0","7"
"10","生産総合流速(％)","2026-04-21","62.0","[7]","62.0","62.0","62.0","62.0","62.0","62.0","62.0","7"
"13","生産総合流速(％)","2026-04-15","100.0","[7]","100.0","100.0","100.0","100.0","100.0","100.0","100.0","7"
"13","生産総合流速(％)","2026-04-16","100.0","[7]","100.0","100.0","100.0","100.0","100.0","100.0","100.0","7"
"13","生産総合流速(％)","2026-04-17","100.0","[7]","100.0","100.0","100.0","100.0","100.0","100.0","100.0","7"
"13","生産総合流速(％)","2026-04-20","100.0","[7]","100.0","100.0","100.0","100.0","100.0","100.0","100.0","7"
"13","生産総合流速(％)","2026-04-21","100.0","[7]","100.0","100.0","100.0","100.0","100.0","100.0","100.0","7"
"14","生産総合流速(％)","2026-04-15","50.0","[7]","50.0","50.0","50.0","50.0","50.0","50.0","50.0","7"
"14","生産総合流速(％)","2026-04-16","50.0","[7]","50.0","50.0","50.0","50.0","50.0","50.0","50.0","7"
"14","生産総合流速(％)","2026-04-17","50.0","[7]","50.0","50.0","50.0","50.0","50.0","50.0","50.0","7"
"14","生産総合流速(％)","2026-04-20","50.0","[7]","50.0","50.0","50.0","50.0","50.0","50.0","50.0","7"
"1","生産吐出時間(sec)","2026-04-15","9.9","[1, 2, 5, 6, 8]","9.900000000000004","9.900000000000004","9.900000000000004","9.900000000000004","9.900000000000004","9.900000000000004","9.900000000000004","1,2,5,6,8"
"1","生産吐出時間(sec)","2026-04-16","9.9","[1, 2, 5, 6, 8]","9.900000000000004","9.900000000000004","9.900000000000004","9.900000000000004","9.900000000000004","9.900000000000004","9.900000000000004","1,2,5,6,8"
"1","生産吐出時間(sec)","2026-04-17","9.9","[1, 2, 5, 6, 8]","9.900000000000004","9.900000000000004","9.900000000000004","9.900000000000004","9.900000000000004","9.900000000000004","9.900000000000004","1,2,5,6,8"
"1","生産吐出時間(sec)","2026-04-20","9.9","[1, 2, 5, 6, 8]","9.900000000000004","9.900000000000004","9.900000000000004","9.900000000000004","9.900000000000004","9.900000000000004","9.900000000000004","1,2,5,6,8"
"1","生産吐出時間(sec)","2026-04-21","9.9","[1, 2, 5, 6, 8]","9.900000000000004","9.900000000000004","9.900000000000004","9.900000000000004","9.900000000000004","9.900000000000004","9.900000000000004","1,2,5,6,8"
"2","生産吐出時間(sec)","2026-04-15","10.4","[1, 2, 5, 6, 8]","10.40000000000001","10.40000000000001","10.40000000000001","10.40000000000001","10.40000000000001","10.40000000000001","10.40000000000001","1,2,5,6,8"
"2","生産吐出時間(sec)","2026-04-16","10.400000000000002","[1, 2, 5, 6, 8]","10.40000000000001","10.40000000000001","10.40000000000001","10.40000000000001","10.40000000000001","10.40000000000001","10.40000000000001","1,2,5,6,8"
"2","生産吐出時間(sec)","2026-04-17","10.4","[1, 2, 5, 6, 8]","10.40000000000001","10.40000000000001","10.40000000000001","10.40000000000001","10.40000000000001","10.40000000000001","10.40000000000001","1,2,5,6,8"
"2","生産吐出時間(sec)","2026-04-20","10.4","[1, 2, 5, 6, 8]","10.40000000000001","10.40000000000001","10.40000000000001","10.40000000000001","10.40000000000001","10.40000000000001","10.40000000000001","1,2,5,6,8"
"2","生産吐出時間(sec)","2026-04-21","10.4","[1, 2, 5, 6, 8]","10.40000000000001","10.40000000000001","10.40000000000001","10.40000000000001","10.40000000000001","10.40000000000001","10.40000000000001","1,2,5,6,8"
"6","生産吐出時間(sec)","2026-04-15","5.0","[7]","5.0","5.0","5.0","5.0","5.0","5.0","5.0","7"
"6","生産吐出時間(sec)","2026-04-16","5.0","[7]","5.0","5.0","5.0","5.0","5.0","5.0","5.0","7"
"6","生産吐出時間(sec)","2026-04-17","5.0","[7]","5.0","5.0","5.0","5.0","5.0","5.0","5.0","7"
"6","生産吐出時間(sec)","2026-04-20","5.0","[7]","5.0","5.0","5.0","5.0","5.0","5.0","5.0","7"
"6","生産吐出時間(sec)","2026-04-21","5.0","[7]","5.0","5.0","5.0","5.0","5.0","5.0","5.0","7"
"7","生産吐出時間(sec)","2026-04-15","9.7","[1, 2, 5, 6, 8]","9.700000000000003","9.700000000000003","9.700000000000003","9.700000000000003","9.700000000000003","9.700000000000003","9.700000000000003","1,2,5,6,8"
"7","生産吐出時間(sec)","2026-04-16","9.7","[1, 2, 5, 6, 8]","9.700000000000003","9.700000000000003","9.700000000000003","9.700000000000003","9.700000000000003","9.700000000000003","9.700000000000003","1,2,5,6,8"
"7","生産吐出時間(sec)","2026-04-17","9.7","[1, 2, 5, 6, 8]","9.700000000000003","9.700000000000003","9.700000000000003","9.700000000000003","9.700000000000003","9.700000000000003","9.700000000000003","1,2,5,6,8"
"7","生産吐出時間(sec)","2026-04-20","9.7","[1, 2, 5, 6, 8]","9.700000000000003","9.700000000000003","9.700000000000003","9.700000000000003","9.700000000000003","9.700000000000003","9.700000000000003","1,2,5,6,8"
"7","生産吐出時間(sec)","2026-04-21","9.7","[1, 2, 5, 6, 8]","9.700000000000003","9.700000000000003","9.700000000000003","9.700000000000003","9.700000000000003","9.700000000000003","9.700000000000003","1,2,5,6,8"
"8","生産吐出時間(sec)","2026-04-15","8.0","[7]","8.0","8.0","8.0","8.0","8.0","8.0","8.0","7"
"8","生産吐出時間(sec)","2026-04-16","8.0","[7]","8.0","8.0","8.0","8.0","8.0","8.0","8.0","7"
"8","生産吐出時間(sec)","2026-04-17","8.0","[7]","8.0","8.0","8.0","8.0","8.0","8.0","8.0","7"
"8","生産吐出時間(sec)","2026-04-20","8.0","[7]","8.0","8.0","8.0","8.0","8.0","8.0","8.0","7"
"8","生産吐出時間(sec)","2026-04-21","8.0","[7]","8.0","8.0","8.0","8.0","8.0","8.0","8.0","7"
"9","生産吐出時間(sec)","2026-04-15","7.4","[1, 2, 5, 6, 8]","7.3999999999999995","7.3999999999999995","7.3999999999999995","7.3999999999999995","7.3999999999999995","7.3999999999999995","7.3999999999999995","1,2,5,6,8"
"9","生産吐出時間(sec)","2026-04-16","7.4","[1, 2, 5, 6, 8]","7.3999999999999995","7.3999999999999995","7.3999999999999995","7.3999999999999995","7.3999999999999995","7.3999999999999995","7.3999999999999995","1,2,5,6,8"
"9","生産吐出時間(sec)","2026-04-17","7.4","[1, 2, 5, 6, 8]","7.3999999999999995","7.3999999999999995","7.3999999999999995","7.3999999999999995","7.3999999999999995","7.3999999999999995","7.3999999999999995","1,2,5,6,8"
"9","生産吐出時間(sec)","2026-04-20","7.4","[1, 2, 5, 6, 8]","7.3999999999999995","7.3999999999999995","7.3999999999999995","7.3999999999999995","7.3999999999999995","7.3999999999999995","7.3999999999999995","1,2,5,6,8"
"9","生産吐出時間(sec)","2026-04-21","7.4","[1, 2, 5, 6, 8]","7.3999999999999995","7.3999999999999995","7.3999999999999995","7.3999999999999995","7.3999999999999995","7.3999999999999995","7.3999999999999995","1,2,5,6,8"
"13","生産吐出時間(sec)","2026-04-15","10.1","[7]","10.1","10.1","10.1","10.1","10.1","10.1","10.1","7"
"13","生産吐出時間(sec)","2026-04-16","10.1","[7]","10.1","10.1","10.1","10.1","10.1","10.1","10.1","7"
"13","生産吐出時間(sec)","2026-04-17","10.1","[7]","10.1","10.1","10.1","10.1","10.1","10.1","10.1","7"
"13","生産吐出時間(sec)","2026-04-20","10.1","[7]","10.1","10.1","10.1","10.1","10.1","10.1","10.1","7"
"13","生産吐出時間(sec)","2026-04-21","10.1","[7]","10.1","10.1","10.1","10.1","10.1","10.1","10.1","7"
"14","生産吐出時間(sec)","2026-04-15","5.0","[7]","5.0","5.0","5.0","5.0","5.0","5.0","5.0","7"
"14","生産吐出時間(sec)","2026-04-16","5.0","[7]","5.0","5.0","5.0","5.0","5.0","5.0","5.0","7"
"14","生産吐出時間(sec)","2026-04-17","5.0","[7]","5.0","5.0","5.0","5.0","5.0","5.0","5.0","7"
"14","生産吐出時間(sec)","2026-04-20","5.0","[7]","5.0","5.0","5.0","5.0","5.0","5.0","5.0","7"
